scheme,season,week,arm,n,mean_fwd3,mean_vs_pos,week_ceiling,min_span
expanding,2014,2,naive,3,17.3156,7.0495,23.4900,3
expanding,2014,2,repo,3,6.4778,-0.4258,23.4900,2
expanding,2014,3,naive,3,7.1844,1.5527,21.0000,2
expanding,2014,3,repo,3,8.9222,3.2954,21.0000,3
expanding,2014,4,naive,3,8.8800,2.2209,24.7200,3
expanding,2014,4,repo,3,12.5556,6.2136,24.7200,3
expanding,2014,5,naive,3,11.6800,4.3129,29.1133,3
expanding,2014,5,repo,3,7.3522,1.9574,29.1133,2
expanding,2014,6,naive,3,16.8111,4.6847,28.1067,3
expanding,2014,6,repo,3,7.3278,4.4931,28.1067,2
expanding,2014,7,naive,3,12.6600,7.5552,21.1000,3
expanding,2014,7,repo,3,12.5944,9.5146,21.1000,2
expanding,2014,8,naive,3,11.5522,6.6289,23.7000,2
expanding,2014,8,repo,3,3.1500,0.1814,23.7000,2
expanding,2014,9,naive,3,10.4489,7.1484,22.4333,3
expanding,2014,9,repo,3,8.1444,5.1070,22.4333,3
expanding,2014,10,naive,3,17.2511,12.8734,22.8333,3
expanding,2014,10,repo,3,3.4222,-0.0020,22.8333,3
expanding,2014,11,naive,3,7.0222,-0.0587,17.7933,3
expanding,2014,11,repo,3,9.8533,2.7724,17.7933,3
expanding,2014,12,naive,3,8.7267,1.0224,16.4600,3
expanding,2014,12,repo,3,7.7444,4.4910,16.4600,3
expanding,2014,13,naive,3,3.4467,-2.9699,17.4400,3
expanding,2014,13,repo,3,4.8733,1.9729,17.4400,3
expanding,2014,14,naive,3,10.1044,4.3034,16.7267,3
expanding,2014,14,repo,3,4.8444,2.0940,16.7267,3
expanding,2014,15,naive,3,3.4500,-0.8983,20.5200,2
expanding,2014,15,repo,3,3.6800,0.6935,20.5200,2
expanding,2014,16,naive,3,8.3133,2.9632,26.1200,1
expanding,2014,16,repo,3,10.8333,7.0629,26.1200,1
expanding,2015,2,naive,3,16.2889,6.4925,23.3000,2
expanding,2015,2,repo,3,3.9556,0.4707,23.3000,3
expanding,2015,3,naive,3,16.2000,12.7249,23.1467,2
expanding,2015,3,repo,3,6.9056,1.6435,23.1467,2
expanding,2015,4,naive,3,10.3556,2.6113,23.1000,3
expanding,2015,4,repo,3,11.4178,6.0739,23.1000,3
expanding,2015,5,naive,3,13.5244,6.1470,26.2000,3
expanding,2015,5,repo,3,7.5333,2.1663,26.2000,2
expanding,2015,6,naive,3,14.7689,4.6909,21.3500,2
expanding,2015,6,repo,3,14.6156,8.1214,21.3500,2
expanding,2015,7,naive,3,17.2989,10.3103,24.9000,2
expanding,2015,7,repo,3,13.2044,8.5862,24.9000,2
expanding,2015,8,naive,3,8.1244,1.5394,24.1600,2
expanding,2015,8,repo,3,11.1644,6.2441,24.1600,2
expanding,2015,9,naive,3,9.4133,3.9662,24.5000,3
expanding,2015,9,repo,3,2.5689,-2.4657,24.5000,3
expanding,2015,10,naive,3,16.0411,9.4365,27.9500,2
expanding,2015,10,repo,3,5.9056,1.4425,27.9500,2
expanding,2015,11,naive,3,8.8556,5.5418,25.7333,3
expanding,2015,11,repo,3,14.1667,9.5443,25.7333,3
expanding,2015,12,naive,3,10.2333,7.0633,24.8533,3
expanding,2015,12,repo,3,13.6400,8.7659,24.8533,3
expanding,2015,13,naive,3,12.8444,5.5634,20.1867,3
expanding,2015,13,repo,3,8.7889,5.5917,20.1867,3
expanding,2015,14,naive,3,16.8089,10.0321,29.0333,3
expanding,2015,14,repo,3,16.4133,11.1954,29.0333,3
expanding,2015,15,naive,3,7.3033,1.8887,24.8000,2
expanding,2015,15,repo,3,7.0667,3.5734,24.8000,2
expanding,2015,16,naive,3,8.5000,3.0856,23.7600,1
expanding,2015,16,repo,3,4.9667,1.1616,23.7600,1
expanding,2016,2,naive,3,17.2667,9.0020,20.8133,3
expanding,2016,2,repo,3,8.2222,4.8908,20.8133,3
expanding,2016,3,naive,3,11.2178,4.3405,18.5467,3
expanding,2016,3,repo,3,11.3522,4.4749,18.5467,2
expanding,2016,4,naive,3,8.0056,0.8995,24.9867,2
expanding,2016,4,repo,3,10.0756,4.3366,24.9867,2
expanding,2016,5,naive,3,17.1000,9.0697,25.1733,3
expanding,2016,5,repo,3,6.4222,3.1959,25.1733,3
expanding,2016,6,naive,3,18.5433,10.6370,24.1400,2
expanding,2016,6,repo,3,11.8656,6.5477,24.1400,2
expanding,2016,7,naive,3,9.4678,4.1996,23.0600,2
expanding,2016,7,repo,3,13.2111,5.4534,23.0600,2
expanding,2016,8,naive,3,10.2400,5.4231,25.8600,2
expanding,2016,8,repo,3,20.3544,14.3232,25.8600,2
expanding,2016,9,naive,3,15.6800,10.5134,25.4933,3
expanding,2016,9,repo,3,14.7822,11.0044,25.4933,2
expanding,2016,10,naive,3,13.1622,7.3184,18.2467,3
expanding,2016,10,repo,3,13.1711,7.3273,18.2467,3
expanding,2016,11,naive,3,12.0333,5.2217,20.0133,3
expanding,2016,11,repo,3,11.6156,7.0094,20.0133,3
expanding,2016,12,naive,3,9.2311,1.3778,19.3667,3
expanding,2016,12,repo,3,9.0000,6.0771,19.3667,3
expanding,2016,13,naive,3,7.5200,3.4895,18.3933,3
expanding,2016,13,repo,3,3.9000,0.9978,18.3933,3
expanding,2016,14,naive,3,10.8911,5.1947,19.5467,3
expanding,2016,14,repo,3,7.8267,2.0033,19.5467,3
expanding,2016,15,naive,3,7.9700,2.4894,24.1600,2
expanding,2016,15,repo,3,10.3867,4.3717,24.1600,2
expanding,2016,16,naive,3,13.2000,6.0276,27.4000,1
expanding,2016,16,repo,3,8.3667,3.2985,27.4000,1
expanding,2017,2,naive,3,8.4333,4.9387,29.8000,3
expanding,2017,2,repo,3,3.7889,0.4376,29.8000,3
expanding,2017,3,naive,3,10.5222,1.9968,30.8533,2
expanding,2017,3,repo,3,8.3833,4.7445,30.8533,2
expanding,2017,4,naive,3,19.7933,10.1860,29.4200,2
expanding,2017,4,repo,3,8.0333,4.4242,29.4200,2
expanding,2017,5,naive,3,8.1067,4.0381,21.0000,3
expanding,2017,5,repo,3,14.9778,12.0227,21.0000,2
expanding,2017,6,naive,3,10.9567,2.7486,19.8800,2
expanding,2017,6,repo,3,10.9167,5.1767,19.8800,2
expanding,2017,7,naive,3,7.3089,1.7986,20.7900,2
expanding,2017,7,repo,3,7.9211,2.4108,20.7900,2
expanding,2017,8,naive,3,13.5100,5.6701,21.1900,2
expanding,2017,8,repo,3,8.2122,2.6861,21.1900,2
expanding,2017,9,naive,3,7.5489,2.9930,16.5800,2
expanding,2017,9,repo,3,10.6200,5.1428,16.5800,2
expanding,2017,10,naive,3,12.5389,6.9262,20.4867,2
expanding,2017,10,repo,3,10.8922,5.9052,20.4867,2
expanding,2017,11,naive,3,4.4356,-0.7226,24.7000,3
expanding,2017,11,repo,3,13.0444,7.9696,24.7000,3
expanding,2017,12,naive,3,19.3156,11.8847,22.8733,3
expanding,2017,12,repo,3,9.3333,6.0790,22.8733,3
expanding,2017,13,naive,3,7.6111,4.0929,19.7667,3
expanding,2017,13,repo,3,13.6444,6.9859,19.7667,3
expanding,2017,14,naive,3,4.7756,0.3995,20.9200,3
expanding,2017,14,repo,3,10.9956,4.8444,20.9200,3
expanding,2017,15,naive,3,6.1167,2.1592,18.7800,2
expanding,2017,15,repo,3,6.0733,0.7528,18.7800,2
expanding,2017,16,naive,3,9.4267,4.7074,24.6600,1
expanding,2017,16,repo,3,9.1533,4.3171,24.6600,1
expanding,2018,2,naive,3,22.0133,10.5208,27.9400,3
expanding,2018,2,repo,3,13.6333,9.5980,27.9400,3
expanding,2018,3,naive,3,5.8644,-3.6830,35.4000,3
expanding,2018,3,repo,3,13.9089,7.1588,35.4000,2
expanding,2018,4,naive,3,20.3578,6.0452,29.3800,2
expanding,2018,4,repo,3,12.0667,8.7892,29.3800,3
expanding,2018,5,naive,3,7.6444,2.1285,24.8700,2
expanding,2018,5,repo,3,4.6000,1.4939,24.8700,3
expanding,2018,6,naive,3,10.9667,3.2746,29.4000,2
expanding,2018,6,repo,3,11.4889,7.3325,29.4000,2
expanding,2018,7,naive,3,12.8344,6.6375,22.3100,2
expanding,2018,7,repo,3,18.3000,13.8172,22.3100,2
expanding,2018,8,naive,3,10.7044,4.7127,20.2600,2
expanding,2018,8,repo,3,10.9811,7.0068,20.2600,2
expanding,2018,9,naive,3,11.6889,6.0639,24.2800,2
expanding,2018,9,repo,3,9.3822,5.0493,24.2800,3
expanding,2018,10,naive,3,16.9667,10.2760,21.4500,2
expanding,2018,10,repo,3,9.7722,5.0019,21.4500,2
expanding,2018,11,naive,3,6.7500,3.7677,21.6200,2
expanding,2018,11,repo,3,12.2000,6.8259,21.6200,3
expanding,2018,12,naive,3,15.3933,6.2408,22.2800,3
expanding,2018,12,repo,3,7.2356,0.9669,22.2800,3
expanding,2018,13,naive,3,12.6511,6.4127,21.9333,3
expanding,2018,13,repo,3,7.4556,1.4645,21.9333,3
expanding,2018,14,naive,3,10.7289,2.8947,23.9667,3
expanding,2018,14,repo,3,10.3556,6.6336,23.9667,3
expanding,2018,15,naive,3,19.9267,11.0096,26.0700,2
expanding,2018,15,repo,3,15.1900,6.2730,26.0700,2
expanding,2018,16,naive,3,15.2067,7.4377,40.4600,1
expanding,2018,16,repo,3,25.3533,17.5844,40.4600,1
expanding,2019,2,naive,3,11.7333,7.8153,25.1000,3
expanding,2019,2,repo,3,14.8056,9.9239,25.1000,2
expanding,2019,3,naive,3,6.7800,2.0280,19.6200,2
expanding,2019,3,repo,3,5.0222,2.1217,19.6200,2
expanding,2019,4,naive,3,10.2689,2.8070,25.6933,2
expanding,2019,4,repo,3,10.9822,5.8750,25.6933,2
expanding,2019,5,naive,3,13.6533,7.6953,22.7133,3
expanding,2019,5,repo,3,5.2889,2.3912,22.7133,3
expanding,2019,6,naive,3,11.2667,8.1805,20.5467,3
expanding,2019,6,repo,3,11.9711,4.4214,20.5467,2
expanding,2019,7,naive,3,11.3578,3.4039,23.4333,3
expanding,2019,7,repo,3,13.3778,10.8119,23.4333,2
expanding,2019,8,naive,3,16.1978,7.8175,21.0600,2
expanding,2019,8,repo,3,6.0722,3.4841,21.0600,2
expanding,2019,9,naive,3,16.2822,6.8830,25.6500,2
expanding,2019,9,repo,3,10.9467,5.5178,25.6500,3
expanding,2019,10,naive,3,15.4244,6.6164,23.0700,2
expanding,2019,10,repo,3,5.4333,2.7363,23.0700,2
expanding,2019,11,naive,3,9.8267,3.1872,24.9667,3
expanding,2019,11,repo,3,8.9400,4.3471,24.9667,3
expanding,2019,12,naive,3,22.0111,15.5166,26.5333,3
expanding,2019,12,repo,3,9.7200,5.5461,26.5333,3
expanding,2019,13,naive,3,13.8244,5.0734,30.4000,3
expanding,2019,13,repo,3,14.5533,8.0760,30.4000,3
expanding,2019,14,naive,3,18.8711,8.5782,25.4733,3
expanding,2019,14,repo,3,7.0667,3.6203,25.4733,3
expanding,2019,15,naive,3,20.3467,12.9879,27.9800,2
expanding,2019,15,repo,3,3.9333,0.4566,27.9800,2
expanding,2019,16,naive,3,18.5133,9.8165,33.8000,1
expanding,2019,16,repo,3,12.0000,6.7190,33.8000,1
expanding,2020,2,naive,3,7.5667,0.5300,24.9000,3
expanding,2020,2,repo,3,13.8111,9.7209,24.9000,2
expanding,2020,3,naive,3,8.5656,5.2026,25.1800,2
expanding,2020,3,repo,3,2.9056,-0.4473,25.1800,2
expanding,2020,4,naive,3,15.8178,10.0329,32.9200,2
expanding,2020,4,repo,3,12.3267,7.9278,32.9200,3
expanding,2020,5,naive,3,16.2844,10.7548,23.5100,2
expanding,2020,5,repo,3,9.4667,3.7645,23.5100,3
expanding,2020,6,naive,3,11.5600,5.2080,20.6667,2
expanding,2020,6,repo,3,13.3356,7.0126,20.6667,3
expanding,2020,7,naive,3,6.4211,2.7649,18.6733,2
expanding,2020,7,repo,3,11.4411,7.5238,18.6733,2
expanding,2020,8,naive,3,12.3689,5.7658,20.4467,3
expanding,2020,8,repo,3,8.0511,5.6032,20.4467,3
expanding,2020,9,naive,3,6.9756,3.5752,18.5133,2
expanding,2020,9,repo,3,9.0400,6.4132,18.5133,3
expanding,2020,10,naive,3,9.9967,4.5555,23.5133,2
expanding,2020,10,repo,3,5.0889,3.0355,23.5133,2
expanding,2020,11,naive,3,14.3889,9.5974,25.8000,3
expanding,2020,11,repo,3,7.1444,4.2857,25.8000,3
expanding,2020,12,naive,3,8.8378,2.9150,26.6533,3
expanding,2020,12,repo,3,9.7956,5.2980,26.6533,3
expanding,2020,13,naive,3,11.7178,3.2567,25.2267,3
expanding,2020,13,repo,3,11.2533,5.7330,25.2267,3
expanding,2020,14,naive,3,15.2578,7.3572,24.2267,3
expanding,2020,14,repo,3,0.3778,-2.5981,24.2267,3
expanding,2020,15,naive,3,8.9767,1.9401,23.9000,2
expanding,2020,15,repo,3,8.9767,5.5645,23.9000,2
expanding,2020,16,naive,3,5.9867,1.2337,37.9800,1
expanding,2020,16,repo,3,8.1533,3.0334,37.9800,1
expanding,2021,2,naive,3,20.2133,10.6236,31.6467,3
expanding,2021,2,repo,3,7.4889,3.0046,31.6467,3
expanding,2021,3,naive,3,17.8667,10.5089,25.3000,3
expanding,2021,3,repo,3,7.2733,0.2495,25.3000,3
expanding,2021,4,naive,3,18.3167,9.7013,22.7067,2
expanding,2021,4,repo,3,10.4078,4.7070,22.7067,2
expanding,2021,5,naive,3,9.2222,1.9669,23.2467,2
expanding,2021,5,repo,3,10.8511,5.0254,23.2467,3
expanding,2021,6,naive,3,11.7333,5.2135,18.8333,3
expanding,2021,6,repo,3,14.0000,9.4866,18.8333,3
expanding,2021,7,naive,3,10.5867,5.5303,21.7200,3
expanding,2021,7,repo,3,13.9456,10.0435,21.7200,2
expanding,2021,8,naive,3,10.2889,3.8530,20.4667,2
expanding,2021,8,repo,3,7.1000,4.5227,20.4667,3
expanding,2021,9,naive,3,8.7222,5.2187,17.6333,3
expanding,2021,9,repo,3,7.7767,4.2732,17.6333,2
expanding,2021,10,naive,3,10.7533,6.5056,16.1933,3
expanding,2021,10,repo,3,6.0200,2.6907,16.1933,2
expanding,2021,11,naive,3,10.1667,4.9379,19.1400,2
expanding,2021,11,repo,3,7.8844,3.9296,19.1400,3
expanding,2021,12,naive,3,9.4478,4.7657,18.6933,2
expanding,2021,12,repo,3,9.6778,6.5733,18.6933,3
expanding,2021,13,naive,3,12.7289,6.0424,17.0667,3
expanding,2021,13,repo,3,9.5044,4.7823,17.0667,3
expanding,2021,14,naive,3,13.5467,7.8053,18.8000,3
expanding,2021,14,repo,3,11.0111,7.3917,18.8000,3
expanding,2021,15,naive,3,5.9289,-0.2650,25.3333,3
expanding,2021,15,repo,3,9.5578,4.8587,25.3333,3
expanding,2021,16,naive,3,5.4000,1.9317,28.2500,2
expanding,2021,16,repo,3,6.1067,1.9424,28.2500,2
expanding,2021,17,naive,3,1.5000,-2.9794,27.2400,1
expanding,2021,17,repo,3,9.4667,6.1288,27.2400,1
expanding,2022,2,naive,3,6.5711,-0.4349,19.9600,3
expanding,2022,2,repo,3,14.7111,11.0784,19.9600,3
expanding,2022,3,naive,3,7.5444,4.2444,22.8000,2
expanding,2022,3,repo,3,8.6222,5.0319,22.8000,3
expanding,2022,4,naive,3,7.7600,-0.0458,20.5000,3
expanding,2022,4,repo,3,9.1556,5.8738,20.5000,3
expanding,2022,5,naive,3,7.5556,4.5581,22.6000,3
expanding,2022,5,repo,3,16.7556,13.7425,22.6000,3
expanding,2022,6,naive,3,2.1800,-1.8979,30.7067,3
expanding,2022,6,repo,3,16.5189,12.1875,30.7067,2
expanding,2022,7,naive,3,9.1356,3.9178,22.3000,3
expanding,2022,7,repo,3,14.1778,9.4218,22.3000,3
expanding,2022,8,naive,3,15.0800,10.4335,23.7400,2
expanding,2022,8,repo,3,9.8733,5.2268,23.7400,2
expanding,2022,9,naive,3,5.5989,1.8878,22.9333,2
expanding,2022,9,repo,3,1.6889,-1.4130,22.9333,3
expanding,2022,10,naive,3,11.2667,7.0622,20.3333,3
expanding,2022,10,repo,3,11.9400,7.9561,20.3333,3
expanding,2022,11,naive,3,11.5089,5.9020,15.4667,2
expanding,2022,11,repo,3,3.7000,0.7303,15.4667,3
expanding,2022,12,naive,3,8.7733,2.0848,20.5933,3
expanding,2022,12,repo,3,8.7378,4.3157,20.5933,2
expanding,2022,13,naive,3,14.7722,10.6610,20.6267,2
expanding,2022,13,repo,3,9.8378,5.8831,20.6267,3
expanding,2022,14,naive,3,11.1000,7.4106,20.8667,3
expanding,2022,14,repo,3,9.7000,6.0106,20.8667,3
expanding,2022,15,naive,3,8.4067,2.4775,17.6133,3
expanding,2022,15,repo,3,9.7067,4.0473,17.6133,3
expanding,2022,16,naive,3,5.5100,1.8105,19.7300,2
expanding,2022,16,repo,3,16.4900,12.0183,19.7300,2
expanding,2022,17,naive,3,10.7600,4.9490,25.0000,1
expanding,2022,17,repo,3,8.7667,4.8544,25.0000,1
expanding,2023,2,naive,3,15.0244,4.4795,31.9333,3
expanding,2023,2,repo,3,15.5956,8.5057,31.9333,3
expanding,2023,3,naive,3,11.3111,5.0626,21.9333,3
expanding,2023,3,repo,3,14.4778,11.4950,21.9333,3
expanding,2023,4,naive,3,10.6156,3.8431,18.6800,3
expanding,2023,4,repo,3,9.1289,5.0226,18.6800,3
expanding,2023,5,naive,3,14.5500,9.2588,20.7100,2
expanding,2023,5,repo,3,9.9889,7.7365,20.7100,3
expanding,2023,6,naive,3,16.9900,10.0118,28.2100,2
expanding,2023,6,repo,3,8.4500,5.9264,28.2100,2
expanding,2023,7,naive,3,8.3000,2.6239,17.2667,3
expanding,2023,7,repo,3,11.0856,7.6388,17.2667,2
expanding,2023,8,naive,3,17.8311,10.5870,27.4600,3
expanding,2023,8,repo,3,6.9056,4.3858,27.4600,2
expanding,2023,9,naive,3,7.1689,4.2384,15.4400,3
expanding,2023,9,repo,3,4.8333,2.9182,15.4400,2
expanding,2023,10,naive,3,7.9444,4.1514,17.9667,3
expanding,2023,10,repo,3,4.8222,1.8395,17.9667,2
expanding,2023,11,naive,3,15.8667,6.8167,23.3267,2
expanding,2023,11,repo,3,7.5056,3.5992,23.3267,2
expanding,2023,12,naive,3,13.3500,6.5231,22.9400,2
expanding,2023,12,repo,3,5.5444,2.4064,22.9400,3
expanding,2023,13,naive,3,13.2978,7.1309,20.6733,3
expanding,2023,13,repo,3,4.5222,2.1234,20.6733,3
expanding,2023,14,naive,3,10.8778,3.0072,21.4467,3
expanding,2023,14,repo,3,6.7311,2.4659,21.4467,3
expanding,2023,15,naive,3,8.9889,4.9135,20.6200,3
expanding,2023,15,repo,3,7.3022,3.4024,20.6200,3
expanding,2023,16,naive,3,13.9267,4.8204,20.7300,2
expanding,2023,16,repo,3,12.5033,7.8174,20.7300,2
expanding,2023,17,naive,3,8.2600,1.9478,20.8000,1
expanding,2023,17,repo,3,14.7800,10.7142,20.8000,1
expanding,2024,2,naive,3,6.7222,3.4821,25.1400,3
expanding,2024,2,repo,3,7.9633,4.7232,25.1400,2
expanding,2024,3,naive,3,8.1644,1.9099,25.8900,3
expanding,2024,3,repo,3,2.8500,-0.5669,25.8900,2
expanding,2024,4,naive,3,15.6589,7.3417,26.1000,2
expanding,2024,4,repo,3,14.0778,10.6595,26.1000,2
expanding,2024,5,naive,3,13.3167,5.4233,21.5200,2
expanding,2024,5,repo,3,14.5278,10.9467,21.5200,2
expanding,2024,6,naive,3,9.5400,5.6809,19.4333,3
expanding,2024,6,repo,3,7.2833,4.0787,19.4333,2
expanding,2024,7,naive,3,12.0533,7.7313,21.1000,2
expanding,2024,7,repo,3,8.3333,5.1613,21.1000,2
expanding,2024,8,naive,3,17.0122,9.9165,21.5067,2
expanding,2024,8,repo,3,9.5800,4.5915,21.5067,2
expanding,2024,9,naive,3,15.6889,4.4100,24.2600,2
expanding,2024,9,repo,3,17.8467,11.5836,24.2600,2
expanding,2024,10,naive,3,15.2522,6.9912,25.7333,2
expanding,2024,10,repo,3,14.9478,12.4108,25.7333,2
expanding,2024,11,naive,3,13.4889,3.6916,25.7400,2
expanding,2024,11,repo,3,4.6222,2.1295,25.7400,2
expanding,2024,12,naive,3,10.6089,6.4090,17.5267,3
expanding,2024,12,repo,3,4.3333,2.3654,17.5267,3
expanding,2024,13,naive,3,10.5133,1.8237,17.4600,3
expanding,2024,13,repo,3,9.9978,5.2128,17.4600,2
expanding,2024,14,naive,3,11.6889,8.3430,18.6667,3
expanding,2024,14,repo,3,7.8000,6.1386,18.6667,3
expanding,2024,15,naive,3,7.7800,4.2251,26.8267,3
expanding,2024,15,repo,3,10.7489,6.6429,26.8267,3
expanding,2024,16,naive,3,13.1267,6.1276,26.6800,2
expanding,2024,16,repo,3,2.5000,-1.9851,26.6800,2
expanding,2024,17,naive,3,10.8000,4.0885,36.4400,1
expanding,2024,17,repo,3,10.7667,7.7863,36.4400,1
expanding,2025,2,naive,3,9.7933,2.4182,23.7600,3
expanding,2025,2,repo,3,5.0944,2.1154,23.7600,2
expanding,2025,3,naive,3,7.7067,2.6426,23.5900,3
expanding,2025,3,repo,3,5.1889,2.1824,23.5900,2
expanding,2025,4,naive,3,7.5400,2.5146,23.7333,2
expanding,2025,4,repo,3,10.2944,5.2690,23.7333,2
expanding,2025,5,naive,3,12.7744,6.6595,23.8133,2
expanding,2025,5,repo,3,10.5544,6.2363,23.8133,2
expanding,2025,6,naive,3,15.0822,6.5068,27.0000,3
expanding,2025,6,repo,3,9.4789,3.5038,27.0000,2
expanding,2025,7,naive,3,14.4489,9.1685,27.5100,3
expanding,2025,7,repo,3,13.3811,8.7463,27.5100,2
expanding,2025,8,naive,3,10.6600,7.1327,20.2800,2
expanding,2025,8,repo,3,8.1544,5.6225,20.2800,2
expanding,2025,9,naive,3,10.0022,4.0577,20.6333,2
expanding,2025,9,repo,3,13.5556,10.7004,20.6333,3
expanding,2025,10,naive,3,8.8867,3.5748,20.8733,3
expanding,2025,10,repo,3,9.5889,7.0749,20.8733,3
expanding,2025,11,naive,3,10.7722,6.5403,19.1200,2
expanding,2025,11,repo,3,5.6389,1.4070,19.1200,2
expanding,2025,12,naive,3,6.8022,0.9833,21.6600,2
expanding,2025,12,repo,3,8.3356,4.7639,21.6600,3
expanding,2025,13,naive,3,7.6922,0.4931,28.5500,2
expanding,2025,13,repo,3,5.8000,3.0847,28.5500,3
expanding,2025,14,naive,3,15.1200,8.2415,19.0400,3
expanding,2025,14,repo,3,4.2333,2.5818,19.0400,3
expanding,2025,15,naive,3,12.9911,6.1168,24.3333,3
expanding,2025,15,repo,3,7.8822,3.4594,24.3333,3
expanding,2025,16,naive,3,18.3100,9.7978,21.8400,2
expanding,2025,16,repo,3,7.4167,4.5269,21.8400,2
expanding,2025,17,naive,3,8.9800,2.1526,24.4000,1
expanding,2025,17,repo,3,5.1267,0.8648,24.4000,1
recent,2014,2,naive,3,17.3156,7.0495,23.4900,3
recent,2014,2,repo,3,6.4778,-0.4258,23.4900,2
recent,2014,3,naive,3,7.1844,1.5527,21.0000,2
recent,2014,3,repo,3,8.9222,3.2954,21.0000,3
recent,2014,4,naive,3,8.8800,2.2209,24.7200,3
recent,2014,4,repo,3,12.5556,6.2136,24.7200,3
recent,2014,5,naive,3,11.6800,4.3129,29.1133,3
recent,2014,5,repo,3,7.3522,1.9574,29.1133,2
recent,2014,6,naive,3,16.8111,4.6847,28.1067,3
recent,2014,6,repo,3,7.3278,4.4931,28.1067,2
recent,2014,7,naive,3,12.6600,7.5552,21.1000,3
recent,2014,7,repo,3,12.5944,9.5146,21.1000,2
recent,2014,8,naive,3,11.5522,6.6289,23.7000,2
recent,2014,8,repo,3,3.1500,0.1814,23.7000,2
recent,2014,9,naive,3,10.4489,7.1484,22.4333,3
recent,2014,9,repo,3,8.1444,5.1070,22.4333,3
recent,2014,10,naive,3,17.2511,12.8734,22.8333,3
recent,2014,10,repo,3,3.4222,-0.0020,22.8333,3
recent,2014,11,naive,3,7.0222,-0.0587,17.7933,3
recent,2014,11,repo,3,9.8533,2.7724,17.7933,3
recent,2014,12,naive,3,8.7267,1.0224,16.4600,3
recent,2014,12,repo,3,7.7444,4.4910,16.4600,3
recent,2014,13,naive,3,3.4467,-2.9699,17.4400,3
recent,2014,13,repo,3,4.8733,1.9729,17.4400,3
recent,2014,14,naive,3,10.1044,4.3034,16.7267,3
recent,2014,14,repo,3,4.8444,2.0940,16.7267,3
recent,2014,15,naive,3,3.4500,-0.8983,20.5200,2
recent,2014,15,repo,3,3.6800,0.6935,20.5200,2
recent,2014,16,naive,3,8.3133,2.9632,26.1200,1
recent,2014,16,repo,3,10.8333,7.0629,26.1200,1
recent,2015,2,naive,3,16.2889,6.4925,23.3000,2
recent,2015,2,repo,3,3.9556,0.4707,23.3000,3
recent,2015,3,naive,3,16.2000,12.7249,23.1467,2
recent,2015,3,repo,3,6.9056,1.6435,23.1467,2
recent,2015,4,naive,3,10.3556,2.6113,23.1000,3
recent,2015,4,repo,3,11.4178,6.0739,23.1000,3
recent,2015,5,naive,3,13.5244,6.1470,26.2000,3
recent,2015,5,repo,3,7.5333,2.1663,26.2000,2
recent,2015,6,naive,3,14.7689,4.6909,21.3500,2
recent,2015,6,repo,3,14.6156,8.1214,21.3500,2
recent,2015,7,naive,3,17.2989,10.3103,24.9000,2
recent,2015,7,repo,3,13.2044,8.5862,24.9000,2
recent,2015,8,naive,3,8.1244,1.5394,24.1600,2
recent,2015,8,repo,3,11.1644,6.2441,24.1600,2
recent,2015,9,naive,3,9.4133,3.9662,24.5000,3
recent,2015,9,repo,3,2.5689,-2.4657,24.5000,3
recent,2015,10,naive,3,16.0411,9.4365,27.9500,2
recent,2015,10,repo,3,5.9056,1.4425,27.9500,2
recent,2015,11,naive,3,8.8556,5.5418,25.7333,3
recent,2015,11,repo,3,14.1667,9.5443,25.7333,3
recent,2015,12,naive,3,10.2333,7.0633,24.8533,3
recent,2015,12,repo,3,13.6400,8.7659,24.8533,3
recent,2015,13,naive,3,12.8444,5.5634,20.1867,3
recent,2015,13,repo,3,8.7889,5.5917,20.1867,3
recent,2015,14,naive,3,16.8089,10.0321,29.0333,3
recent,2015,14,repo,3,16.4133,11.1954,29.0333,3
recent,2015,15,naive,3,7.3033,1.8887,24.8000,2
recent,2015,15,repo,3,7.0667,3.5734,24.8000,2
recent,2015,16,naive,3,8.5000,3.0856,23.7600,1
recent,2015,16,repo,3,4.9667,1.1616,23.7600,1
recent,2016,2,naive,3,17.2667,9.0020,20.8133,3
recent,2016,2,repo,3,8.2222,4.8908,20.8133,3
recent,2016,3,naive,3,11.2178,4.3405,18.5467,3
recent,2016,3,repo,3,11.3522,4.4749,18.5467,2
recent,2016,4,naive,3,8.0056,0.8995,24.9867,2
recent,2016,4,repo,3,10.0756,4.3366,24.9867,2
recent,2016,5,naive,3,17.1000,9.0697,25.1733,3
recent,2016,5,repo,3,6.4222,3.1959,25.1733,3
recent,2016,6,naive,3,18.5433,10.6370,24.1400,2
recent,2016,6,repo,3,11.8656,6.5477,24.1400,2
recent,2016,7,naive,3,9.4678,4.1996,23.0600,2
recent,2016,7,repo,3,13.2111,5.4534,23.0600,2
recent,2016,8,naive,3,10.2400,5.4231,25.8600,2
recent,2016,8,repo,3,20.3544,14.3232,25.8600,2
recent,2016,9,naive,3,15.6800,10.5134,25.4933,3
recent,2016,9,repo,3,14.7822,11.0044,25.4933,2
recent,2016,10,naive,3,13.1622,7.3184,18.2467,3
recent,2016,10,repo,3,13.1711,7.3273,18.2467,3
recent,2016,11,naive,3,12.0333,5.2217,20.0133,3
recent,2016,11,repo,3,11.6156,7.0094,20.0133,3
recent,2016,12,naive,3,9.2311,1.3778,19.3667,3
recent,2016,12,repo,3,9.0000,6.0771,19.3667,3
recent,2016,13,naive,3,7.5200,3.4895,18.3933,3
recent,2016,13,repo,3,3.9000,0.9978,18.3933,3
recent,2016,14,naive,3,10.8911,5.1947,19.5467,3
recent,2016,14,repo,3,7.8267,2.0033,19.5467,3
recent,2016,15,naive,3,7.9700,2.4894,24.1600,2
recent,2016,15,repo,3,10.3867,4.3717,24.1600,2
recent,2016,16,naive,3,13.2000,6.0276,27.4000,1
recent,2016,16,repo,3,8.3667,3.2985,27.4000,1
recent,2017,2,naive,3,8.4333,4.9387,29.8000,3
recent,2017,2,repo,3,3.9611,0.6098,29.8000,2
recent,2017,3,naive,3,10.5222,1.9968,30.8533,2
recent,2017,3,repo,3,16.0878,7.7900,30.8533,2
recent,2017,4,naive,3,19.7933,10.1860,29.4200,2
recent,2017,4,repo,3,6.4956,1.1867,29.4200,2
recent,2017,5,naive,3,8.1067,4.0381,21.0000,3
recent,2017,5,repo,3,16.5111,13.5560,21.0000,2
recent,2017,6,naive,3,10.9567,2.7486,19.8800,2
recent,2017,6,repo,3,8.9267,3.1644,19.8800,2
recent,2017,7,naive,3,7.3089,1.7986,20.7900,2
recent,2017,7,repo,3,6.0544,0.0585,20.7900,2
recent,2017,8,naive,3,13.5100,5.6701,21.1900,2
recent,2017,8,repo,3,8.7133,3.1872,21.1900,2
recent,2017,9,naive,3,7.5489,2.9930,16.5800,2
recent,2017,9,repo,3,10.6200,5.1428,16.5800,2
recent,2017,10,naive,3,12.5389,6.9262,20.4867,2
recent,2017,10,repo,3,13.1456,8.7841,20.4867,2
recent,2017,11,naive,3,4.4356,-0.7226,24.7000,3
recent,2017,11,repo,3,18.0111,12.1258,24.7000,3
recent,2017,12,naive,3,19.3156,11.8847,22.8733,3
recent,2017,12,repo,3,5.9111,0.3236,22.8733,3
recent,2017,13,naive,3,7.6111,4.0929,19.7667,3
recent,2017,13,repo,3,14.3444,7.6859,19.7667,3
recent,2017,14,naive,3,4.7756,0.3995,20.9200,3
recent,2017,14,repo,3,10.3956,4.2008,20.9200,3
recent,2017,15,naive,3,6.1167,2.1592,18.7800,2
recent,2017,15,repo,3,7.4767,2.1562,18.7800,2
recent,2017,16,naive,3,9.4267,4.7074,24.6600,1
recent,2017,16,repo,3,9.1533,4.3171,24.6600,1
recent,2018,2,naive,3,22.0133,10.5208,27.9400,3
recent,2018,2,repo,3,16.3222,9.6627,27.9400,3
recent,2018,3,naive,3,5.8644,-3.6830,35.4000,3
recent,2018,3,repo,3,13.9089,7.1588,35.4000,2
recent,2018,4,naive,3,20.3578,6.0452,29.3800,2
recent,2018,4,repo,3,12.0667,8.7892,29.3800,3
recent,2018,5,naive,3,7.6444,2.1285,24.8700,2
recent,2018,5,repo,3,8.8333,5.7273,24.8700,3
recent,2018,6,naive,3,10.9667,3.2746,29.4000,2
recent,2018,6,repo,3,9.5889,3.8116,29.4000,3
recent,2018,7,naive,3,12.8344,6.6375,22.3100,2
recent,2018,7,repo,3,11.9356,7.4528,22.3100,2
recent,2018,8,naive,3,10.7044,4.7127,20.2600,2
recent,2018,8,repo,3,10.2111,7.5120,20.2600,2
recent,2018,9,naive,3,11.6889,6.0639,24.2800,2
recent,2018,9,repo,3,7.6722,5.2414,24.2800,2
recent,2018,10,naive,3,16.9667,10.2760,21.4500,2
recent,2018,10,repo,3,11.8778,6.8722,21.4500,2
recent,2018,11,naive,3,6.7500,3.7677,21.6200,2
recent,2018,11,repo,3,10.7622,5.4730,21.6200,3
recent,2018,12,naive,3,15.3933,6.2408,22.2800,3
recent,2018,12,repo,3,4.2356,-1.3713,22.2800,3
recent,2018,13,naive,3,12.6511,6.4127,21.9333,3
recent,2018,13,repo,3,10.5533,3.7837,21.9333,3
recent,2018,14,naive,3,10.7289,2.8947,23.9667,3
recent,2018,14,repo,3,7.6444,1.6612,23.9667,3
recent,2018,15,naive,3,19.9267,11.0096,26.0700,2
recent,2018,15,repo,3,8.5033,2.2120,26.0700,2
recent,2018,16,naive,3,15.2067,7.4377,40.4600,1
recent,2018,16,repo,3,12.6533,4.8844,40.4600,1
recent,2019,2,naive,3,11.7333,7.8153,25.1000,3
recent,2019,2,repo,3,15.8356,10.1157,25.1000,3
recent,2019,3,naive,3,6.7800,2.0280,19.6200,2
recent,2019,3,repo,3,5.0222,2.1217,19.6200,2
recent,2019,4,naive,3,10.2689,2.8070,25.6933,2
recent,2019,4,repo,3,3.1100,-0.4571,25.6933,2
recent,2019,5,naive,3,13.6533,7.6953,22.7133,3
recent,2019,5,repo,3,11.4589,7.3481,22.7133,2
recent,2019,6,naive,3,11.2667,8.1805,20.5467,3
recent,2019,6,repo,3,8.0111,5.7094,20.5467,2
recent,2019,7,naive,3,11.3578,3.4039,23.4333,3
recent,2019,7,repo,3,8.5444,5.7997,23.4333,3
recent,2019,8,naive,3,16.1978,7.8175,21.0600,2
recent,2019,8,repo,3,15.4522,7.2573,21.0600,2
recent,2019,9,naive,3,16.2822,6.8830,25.6500,2
recent,2019,9,repo,3,11.6800,6.2511,25.6500,3
recent,2019,10,naive,3,15.4244,6.6164,23.0700,2
recent,2019,10,repo,3,5.4333,2.7363,23.0700,2
recent,2019,11,naive,3,9.8267,3.1872,24.9667,3
recent,2019,11,repo,3,7.7089,3.1160,24.9667,3
recent,2019,12,naive,3,22.0111,15.5166,26.5333,3
recent,2019,12,repo,3,2.4444,-1.7294,26.5333,3
recent,2019,13,naive,3,13.8244,5.0734,30.4000,3
recent,2019,13,repo,3,6.1556,2.6460,30.4000,3
recent,2019,14,naive,3,18.8711,8.5782,25.4733,3
recent,2019,14,repo,3,12.7956,6.9828,25.4733,3
recent,2019,15,naive,3,20.3467,12.9879,27.9800,2
recent,2019,15,repo,3,14.5400,9.1416,27.9800,2
recent,2019,16,naive,3,18.5133,9.8165,33.8000,1
recent,2019,16,repo,3,4.2333,0.3240,33.8000,1
recent,2020,2,naive,3,7.5667,0.5300,24.9000,3
recent,2020,2,repo,3,13.8111,9.7209,24.9000,2
recent,2020,3,naive,3,8.5656,5.2026,25.1800,2
recent,2020,3,repo,3,4.3778,-1.8671,25.1800,2
recent,2020,4,naive,3,15.8178,10.0329,32.9200,2
recent,2020,4,repo,3,7.0167,4.0038,32.9200,2
recent,2020,5,naive,3,16.2844,10.7548,23.5100,2
recent,2020,5,repo,3,11.8033,6.4518,23.5100,2
recent,2020,6,naive,3,11.5600,5.2080,20.6667,2
recent,2020,6,repo,3,5.2222,1.8206,20.6667,3
recent,2020,7,naive,3,6.4211,2.7649,18.6733,2
recent,2020,7,repo,3,11.4411,7.5238,18.6733,2
recent,2020,8,naive,3,12.3689,5.7658,20.4467,3
recent,2020,8,repo,3,5.3778,2.8052,20.4467,3
recent,2020,9,naive,3,6.9756,3.5752,18.5133,2
recent,2020,9,repo,3,9.0489,5.7807,18.5133,3
recent,2020,10,naive,3,9.9967,4.5555,23.5133,2
recent,2020,10,repo,3,1.5444,-2.0573,23.5133,2
recent,2020,11,naive,3,14.3889,9.5974,25.8000,3
recent,2020,11,repo,3,6.2489,2.0582,25.8000,3
recent,2020,12,naive,3,8.8378,2.9150,26.6533,3
recent,2020,12,repo,3,11.4844,7.1393,26.6533,3
recent,2020,13,naive,3,11.7178,3.2567,25.2267,3
recent,2020,13,repo,3,8.6689,0.3697,25.2267,3
recent,2020,14,naive,3,15.2578,7.3572,24.2267,3
recent,2020,14,repo,3,9.5444,3.3046,24.2267,3
recent,2020,15,naive,3,8.9767,1.9401,23.9000,2
recent,2020,15,repo,3,3.4667,-1.5118,23.9000,2
recent,2020,16,naive,3,5.9867,1.2337,37.9800,1
recent,2020,16,repo,3,8.1267,3.0068,37.9800,1
recent,2021,2,naive,3,20.2133,10.6236,31.6467,3
recent,2021,2,repo,3,12.0644,5.0444,31.6467,3
recent,2021,3,naive,3,17.8667,10.5089,25.3000,3
recent,2021,3,repo,3,11.2044,4.1806,25.3000,3
recent,2021,4,naive,3,18.3167,9.7013,22.7067,2
recent,2021,4,repo,3,10.3811,5.1189,22.7067,2
recent,2021,5,naive,3,9.2222,1.9669,23.2467,2
recent,2021,5,repo,3,10.2889,6.0810,23.2467,3
recent,2021,6,naive,3,11.7333,5.2135,18.8333,3
recent,2021,6,repo,3,13.2889,10.2895,18.8333,3
recent,2021,7,naive,3,10.5867,5.5303,21.7200,3
recent,2021,7,repo,3,10.5889,7.8411,21.7200,2
recent,2021,8,naive,3,10.2889,3.8530,20.4667,2
recent,2021,8,repo,3,6.2156,2.4071,20.4667,3
recent,2021,9,naive,3,8.7222,5.2187,17.6333,3
recent,2021,9,repo,3,9.9833,7.1713,17.6333,2
recent,2021,10,naive,3,10.7533,6.5056,16.1933,3
recent,2021,10,repo,3,4.9333,2.0284,16.1933,3
recent,2021,11,naive,3,10.1667,4.9379,19.1400,2
recent,2021,11,repo,3,9.6900,6.1548,19.1400,2
recent,2021,12,naive,3,9.4478,4.7657,18.6933,2
recent,2021,12,repo,3,3.9222,1.2876,18.6933,2
recent,2021,13,naive,3,12.7289,6.0424,17.0667,3
recent,2021,13,repo,3,8.8744,2.1880,17.0667,2
recent,2021,14,naive,3,13.5467,7.8053,18.8000,3
recent,2021,14,repo,3,5.7533,1.3895,18.8000,3
recent,2021,15,naive,3,5.9289,-0.2650,25.3333,3
recent,2021,15,repo,3,12.5133,7.8142,25.3333,3
recent,2021,16,naive,3,5.4000,1.9317,28.2500,2
recent,2021,16,repo,3,5.1067,1.5791,28.2500,2
recent,2021,17,naive,3,1.5000,-2.9794,27.2400,1
recent,2021,17,repo,3,3.3000,-0.0379,27.2400,1
recent,2022,2,naive,3,6.5711,-0.4349,19.9600,3
recent,2022,2,repo,3,13.2578,7.9384,19.9600,3
recent,2022,3,naive,3,7.5444,4.2444,22.8000,2
recent,2022,3,repo,3,12.5778,8.9875,22.8000,3
recent,2022,4,naive,3,7.7600,-0.0458,20.5000,3
recent,2022,4,repo,3,8.6156,3.0401,20.5000,3
recent,2022,5,naive,3,7.5556,4.5581,22.6000,3
recent,2022,5,repo,3,14.1822,8.9015,22.6000,3
recent,2022,6,naive,3,2.1800,-1.8979,30.7067,3
recent,2022,6,repo,3,15.3822,9.7944,30.7067,2
recent,2022,7,naive,3,9.1356,3.9178,22.3000,3
recent,2022,7,repo,3,12.0911,5.2949,22.3000,3
recent,2022,8,naive,3,15.0800,10.4335,23.7400,2
recent,2022,8,repo,3,9.8667,6.9270,23.7400,2
recent,2022,9,naive,3,5.5989,1.8878,22.9333,2
recent,2022,9,repo,3,2.7722,-0.8030,22.9333,2
recent,2022,10,naive,3,11.2667,7.0622,20.3333,3
recent,2022,10,repo,3,11.7511,6.3144,20.3333,3
recent,2022,11,naive,3,11.5089,5.9020,15.4667,2
recent,2022,11,repo,3,5.4444,2.4748,15.4667,3
recent,2022,12,naive,3,8.7733,2.0848,20.5933,3
recent,2022,12,repo,3,7.8533,3.4312,20.5933,2
recent,2022,13,naive,3,14.7722,10.6610,20.6267,2
recent,2022,13,repo,3,11.3067,7.1954,20.6267,3
recent,2022,14,naive,3,11.1000,7.4106,20.8667,3
recent,2022,14,repo,3,9.5133,3.9489,20.8667,3
recent,2022,15,naive,3,8.4067,2.4775,17.6133,3
recent,2022,15,repo,3,10.6667,5.0073,17.6133,3
recent,2022,16,naive,3,5.5100,1.8105,19.7300,2
recent,2022,16,repo,3,8.9767,5.4610,19.7300,2
recent,2022,17,naive,3,10.7600,4.9490,25.0000,1
recent,2022,17,repo,3,7.6333,3.7344,25.0000,1
recent,2023,2,naive,3,15.0244,4.4795,31.9333,3
recent,2023,2,repo,3,8.4667,4.4561,31.9333,3
recent,2023,3,naive,3,11.3111,5.0626,21.9333,3
recent,2023,3,repo,3,12.3333,7.5157,21.9333,2
recent,2023,4,naive,3,10.6156,3.8431,18.6800,3
recent,2023,4,repo,3,5.4667,2.5740,18.6800,2
recent,2023,5,naive,3,14.5500,9.2588,20.7100,2
recent,2023,5,repo,3,3.5833,1.2787,20.7100,2
recent,2023,6,naive,3,16.9900,10.0118,28.2100,2
recent,2023,6,repo,3,14.9567,10.2058,28.2100,2
recent,2023,7,naive,3,8.3000,2.6239,17.2667,3
recent,2023,7,repo,3,10.1833,7.6794,17.2667,2
recent,2023,8,naive,3,17.8311,10.5870,27.4600,3
recent,2023,8,repo,3,17.0244,11.4463,27.4600,3
recent,2023,9,naive,3,7.1689,4.2384,15.4400,3
recent,2023,9,repo,3,3.9311,1.0006,15.4400,2
recent,2023,10,naive,3,7.9444,4.1514,17.9667,3
recent,2023,10,repo,3,2.8900,-0.5479,17.9667,2
recent,2023,11,naive,3,15.8667,6.8167,23.3267,2
recent,2023,11,repo,3,6.9956,3.0892,23.3267,2
recent,2023,12,naive,3,13.3500,6.5231,22.9400,2
recent,2023,12,repo,3,4.3889,1.2509,22.9400,2
recent,2023,13,naive,3,13.2978,7.1309,20.6733,3
recent,2023,13,repo,3,8.6900,4.2488,20.6733,2
recent,2023,14,naive,3,10.8778,3.0072,21.4467,3
recent,2023,14,repo,3,10.6067,6.3415,21.4467,3
recent,2023,15,naive,3,8.9889,4.9135,20.6200,3
recent,2023,15,repo,3,3.0111,0.5307,20.6200,3
recent,2023,16,naive,3,13.9267,4.8204,20.7300,2
recent,2023,16,repo,3,17.5467,10.6596,20.7300,2
recent,2023,17,naive,3,8.2600,1.9478,20.8000,1
recent,2023,17,repo,3,13.8467,9.7809,20.8000,1
recent,2024,2,naive,3,6.7222,3.4821,25.1400,3
recent,2024,2,repo,3,8.3800,3.3114,25.1400,3
recent,2024,3,naive,3,8.1644,1.9099,25.8900,3
recent,2024,3,repo,3,6.4944,3.0471,25.8900,2
recent,2024,4,naive,3,15.6589,7.3417,26.1000,2
recent,2024,4,repo,3,10.2211,4.3231,26.1000,2
recent,2024,5,naive,3,13.3167,5.4233,21.5200,2
recent,2024,5,repo,3,14.5278,10.9467,21.5200,2
recent,2024,6,naive,3,9.5400,5.6809,19.4333,3
recent,2024,6,repo,3,9.4500,5.8134,19.4333,2
recent,2024,7,naive,3,12.0533,7.7313,21.1000,2
recent,2024,7,repo,3,10.2556,6.1494,21.1000,2
recent,2024,8,naive,3,17.0122,9.9165,21.5067,2
recent,2024,8,repo,3,1.9556,0.1730,21.5067,2
recent,2024,9,naive,3,15.6889,4.4100,24.2600,2
recent,2024,9,repo,3,13.1878,7.5644,24.2600,2
recent,2024,10,naive,3,15.2522,6.9912,25.7333,2
recent,2024,10,repo,3,10.4544,4.5699,25.7333,2
recent,2024,11,naive,3,13.4889,3.6916,25.7400,2
recent,2024,11,repo,3,10.9200,5.0958,25.7400,2
recent,2024,12,naive,3,10.6089,6.4090,17.5267,3
recent,2024,12,repo,3,8.7422,4.7704,17.5267,3
recent,2024,13,naive,3,10.5133,1.8237,17.4600,3
recent,2024,13,repo,3,3.8756,-0.9094,17.4600,3
recent,2024,14,naive,3,11.6889,8.3430,18.6667,3
recent,2024,14,repo,3,4.3867,-0.2545,18.6667,3
recent,2024,15,naive,3,7.7800,4.2251,26.8267,3
recent,2024,15,repo,3,4.1378,0.7600,26.8267,3
recent,2024,16,naive,3,13.1267,6.1276,26.6800,2
recent,2024,16,repo,3,5.2700,0.7849,26.6800,2
recent,2024,17,naive,3,10.8000,4.0885,36.4400,1
recent,2024,17,repo,3,5.4667,0.6839,36.4400,1
recent,2025,2,naive,3,9.7933,2.4182,23.7600,3
recent,2025,2,repo,3,15.5489,10.3669,23.7600,3
recent,2025,3,naive,3,7.7067,2.6426,23.5900,3
recent,2025,3,repo,3,6.9333,4.1370,23.5900,3
recent,2025,4,naive,3,7.5400,2.5146,23.7333,2
recent,2025,4,repo,3,10.7444,5.3143,23.7333,2
recent,2025,5,naive,3,12.7744,6.6595,23.8133,2
recent,2025,5,repo,3,7.3889,4.8474,23.8133,2
recent,2025,6,naive,3,15.0822,6.5068,27.0000,3
recent,2025,6,repo,3,8.5278,5.1530,27.0000,2
recent,2025,7,naive,3,14.4489,9.1685,27.5100,3
recent,2025,7,repo,3,9.7700,5.1351,27.5100,2
recent,2025,8,naive,3,10.6600,7.1327,20.2800,2
recent,2025,8,repo,3,10.7433,6.6049,20.2800,2
recent,2025,9,naive,3,10.0022,4.0577,20.6333,2
recent,2025,9,repo,3,8.2000,5.6803,20.6333,3
recent,2025,10,naive,3,8.8867,3.5748,20.8733,3
recent,2025,10,repo,3,4.6022,0.8254,20.8733,3
recent,2025,11,naive,3,10.7722,6.5403,19.1200,2
recent,2025,11,repo,3,10.2344,6.0025,19.1200,2
recent,2025,12,naive,3,6.8022,0.9833,21.6600,2
recent,2025,12,repo,3,0.8444,-4.6199,21.6600,3
recent,2025,13,naive,3,7.6922,0.4931,28.5500,2
recent,2025,13,repo,3,8.2867,3.2569,28.5500,3
recent,2025,14,naive,3,15.1200,8.2415,19.0400,3
recent,2025,14,repo,3,4.2333,2.5818,19.0400,3
recent,2025,15,naive,3,12.9911,6.1168,24.3333,3
recent,2025,15,repo,3,6.3556,3.8991,24.3333,3
recent,2025,16,naive,3,18.3100,9.7978,21.8400,2
recent,2025,16,repo,3,8.8567,3.8871,21.8400,2
recent,2025,17,naive,3,8.9800,2.1526,24.4000,1
recent,2025,17,repo,3,10.1067,4.5621,24.4000,1
depth0.75,2014,2,naive,3,17.3156,7.7505,23.4900,3
depth0.75,2014,2,repo,3,9.7533,2.9862,23.4900,3
depth0.75,2014,3,naive,3,7.1844,1.1553,21.2600,2
depth0.75,2014,3,repo,3,7.4556,3.4909,21.2600,3
depth0.75,2014,4,naive,3,15.4800,7.6124,24.7200,2
depth0.75,2014,4,repo,3,10.5778,6.8761,24.7200,3
depth0.75,2014,5,naive,3,18.9800,12.8118,29.1133,3
depth0.75,2014,5,repo,3,12.9578,4.7054,29.1133,3
depth0.75,2014,6,naive,3,15.5889,6.4493,28.1067,3
depth0.75,2014,6,repo,3,9.7867,3.3935,28.1067,3
depth0.75,2014,7,naive,3,12.6600,6.5645,31.4000,3
depth0.75,2014,7,repo,3,7.5944,3.2490,31.4000,2
depth0.75,2014,8,naive,3,12.8300,8.1149,23.7000,2
depth0.75,2014,8,repo,3,7.2111,3.4561,23.7000,2
depth0.75,2014,9,naive,3,10.4489,6.6289,22.4333,3
depth0.75,2014,9,repo,3,11.2111,8.1497,22.4333,2
depth0.75,2014,10,naive,3,13.7611,9.4141,22.8333,2
depth0.75,2014,10,repo,3,9.0889,6.0305,22.8333,3
depth0.75,2014,11,naive,3,12.9933,6.6689,25.6000,3
depth0.75,2014,11,repo,3,13.7889,9.7627,25.6000,3
depth0.75,2014,12,naive,3,13.5956,7.4501,19.9667,3
depth0.75,2014,12,repo,3,7.4778,3.5187,19.9667,3
depth0.75,2014,13,naive,3,4.9667,-0.5723,19.2267,3
depth0.75,2014,13,repo,3,8.3000,4.8697,19.2267,3
depth0.75,2014,14,naive,3,10.0978,2.9218,21.9933,3
depth0.75,2014,14,repo,3,5.6044,0.3221,21.9933,3
depth0.75,2014,15,naive,3,10.5367,3.0667,25.0600,2
depth0.75,2014,15,repo,3,5.2133,-2.1131,25.0600,2
depth0.75,2014,16,naive,3,12.4200,6.6500,31.3000,1
depth0.75,2014,16,repo,3,6.6200,0.9118,31.3000,1
depth0.75,2015,2,naive,3,16.2889,6.4231,34.8000,2
depth0.75,2015,2,repo,3,14.1289,6.8471,34.8000,2
depth0.75,2015,3,naive,3,13.1111,8.8167,29.0500,2
depth0.75,2015,3,repo,3,8.2556,2.0804,29.0500,3
depth0.75,2015,4,naive,3,14.7311,5.2044,26.9500,2
depth0.75,2015,4,repo,3,11.6811,5.0885,26.9500,2
depth0.75,2015,5,naive,3,13.5244,5.6075,26.2000,3
depth0.75,2015,5,repo,3,9.3444,5.6918,26.2000,2
depth0.75,2015,6,naive,3,14.7689,3.7988,29.1600,2
depth0.75,2015,6,repo,3,12.4889,8.6015,29.1600,2
depth0.75,2015,7,naive,3,16.1956,10.1060,29.3467,2
depth0.75,2015,7,repo,3,11.5667,8.1552,29.3467,2
depth0.75,2015,8,naive,3,15.4267,8.4972,24.1600,2
depth0.75,2015,8,repo,3,16.8756,11.7895,24.1600,2
depth0.75,2015,9,naive,3,11.2289,6.2580,24.5000,3
depth0.75,2015,9,repo,3,12.5111,9.1782,24.5000,3
depth0.75,2015,10,naive,3,9.5911,3.3639,31.5533,3
depth0.75,2015,10,repo,3,6.0222,2.5383,31.5533,3
depth0.75,2015,11,naive,3,18.5711,11.7009,33.8467,3
depth0.75,2015,11,repo,3,16.3200,6.9204,33.8467,3
depth0.75,2015,12,naive,3,16.9178,11.1891,24.8533,3
depth0.75,2015,12,repo,3,18.0289,12.3002,24.8533,3
depth0.75,2015,13,naive,3,12.8444,3.6039,29.7867,3
depth0.75,2015,13,repo,3,8.0933,2.2322,29.7867,3
depth0.75,2015,14,naive,3,12.3311,4.4723,29.0333,3
depth0.75,2015,14,repo,3,4.9444,1.0927,29.0333,3
depth0.75,2015,15,naive,3,14.8433,7.1820,25.6200,2
depth0.75,2015,15,repo,3,3.9467,-1.0096,25.6200,2
depth0.75,2015,16,naive,3,8.5000,2.2238,23.7600,1
depth0.75,2015,16,repo,3,4.3000,-1.9762,23.7600,1
depth0.75,2016,2,naive,3,8.5511,2.2956,20.8133,3
depth0.75,2016,2,repo,3,11.1667,6.8951,20.8133,3
depth0.75,2016,3,naive,3,11.2178,3.7286,22.1200,3
depth0.75,2016,3,repo,3,12.0300,5.0429,22.1200,2
depth0.75,2016,4,naive,3,10.9411,1.1132,24.9867,2
depth0.75,2016,4,repo,3,7.5889,1.4124,24.9867,3
depth0.75,2016,5,naive,3,17.1000,8.9349,30.6500,3
depth0.75,2016,5,repo,3,7.9900,0.9355,30.6500,2
depth0.75,2016,6,naive,3,18.5967,12.4389,24.3000,2
depth0.75,2016,6,repo,3,11.2167,7.4748,24.3000,2
depth0.75,2016,7,naive,3,12.2000,8.1335,23.0600,2
depth0.75,2016,7,repo,3,15.3867,7.3003,23.0600,2
depth0.75,2016,8,naive,3,15.5689,8.0864,25.8600,2
depth0.75,2016,8,repo,3,6.6667,3.5481,25.8600,3
depth0.75,2016,9,naive,3,21.3956,12.1157,25.4933,3
depth0.75,2016,9,repo,3,7.4167,2.0065,25.4933,2
depth0.75,2016,10,naive,3,17.9667,10.0743,20.7667,3
depth0.75,2016,10,repo,3,9.8833,4.3487,20.7667,2
depth0.75,2016,11,naive,3,11.1844,3.3716,20.5200,3
depth0.75,2016,11,repo,3,6.2778,3.3830,20.5200,3
depth0.75,2016,12,naive,3,9.2311,0.0814,20.1467,3
depth0.75,2016,12,repo,3,7.7644,2.5857,20.1467,3
depth0.75,2016,13,naive,3,7.5200,2.8194,19.8200,3
depth0.75,2016,13,repo,3,10.2444,5.5687,19.8200,3
depth0.75,2016,14,naive,3,7.2467,0.9242,22.8933,3
depth0.75,2016,14,repo,3,11.2911,2.2448,22.8933,3
depth0.75,2016,15,naive,3,7.9700,1.7505,24.1600,2
depth0.75,2016,15,repo,3,12.3333,3.0863,24.1600,2
depth0.75,2016,16,naive,3,10.6400,2.9626,27.4000,1
depth0.75,2016,16,repo,3,11.2267,7.9271,27.4000,1
depth0.75,2017,2,naive,3,18.1611,6.1333,29.8000,2
depth0.75,2017,2,repo,3,11.3667,6.9090,29.8000,3
depth0.75,2017,3,naive,3,10.5222,1.1534,30.8533,2
depth0.75,2017,3,repo,3,12.3700,5.2007,30.8533,2
depth0.75,2017,4,naive,3,19.7933,9.6901,29.4200,2
depth0.75,2017,4,repo,3,9.3511,3.5321,29.4200,2
depth0.75,2017,5,naive,3,8.1067,3.2304,21.0000,3
depth0.75,2017,5,repo,3,13.1311,8.2548,21.0000,2
depth0.75,2017,6,naive,3,6.6633,0.4347,19.8800,2
depth0.75,2017,6,repo,3,10.5889,6.7350,19.8800,2
depth0.75,2017,7,naive,3,7.3089,1.6072,20.7900,2
depth0.75,2017,7,repo,3,6.8711,0.5997,20.7900,3
depth0.75,2017,8,naive,3,13.5100,4.8196,23.6100,2
depth0.75,2017,8,repo,3,5.4111,0.7857,23.6100,2
depth0.75,2017,9,naive,3,7.5489,2.2724,17.4400,2
depth0.75,2017,9,repo,3,11.2156,5.2536,17.4400,2
depth0.75,2017,10,naive,3,11.1078,4.1392,25.9400,2
depth0.75,2017,10,repo,3,9.5078,4.4124,25.9400,2
depth0.75,2017,11,naive,3,11.7644,4.8430,25.7600,3
depth0.75,2017,11,repo,3,13.5333,6.6119,25.7600,3
depth0.75,2017,12,naive,3,18.9111,10.6498,22.8733,3
depth0.75,2017,12,repo,3,10.8533,4.1060,22.8733,3
depth0.75,2017,13,naive,3,15.0822,9.0852,21.9800,3
depth0.75,2017,13,repo,3,12.0644,6.0675,21.9800,3
depth0.75,2017,14,naive,3,4.8556,1.5719,20.9200,3
depth0.75,2017,14,repo,3,10.2422,5.0713,20.9200,3
depth0.75,2017,15,naive,3,6.1167,1.6514,18.7800,2
depth0.75,2017,15,repo,3,8.7733,4.0256,18.7800,2
depth0.75,2017,16,naive,3,10.5600,4.7294,24.6600,1
depth0.75,2017,16,repo,3,15.0133,7.6157,24.6600,1
depth0.75,2018,2,naive,3,22.0133,8.9443,27.9400,3
depth0.75,2018,2,repo,3,19.6444,15.0744,27.9400,3
depth0.75,2018,3,naive,3,11.0200,3.2963,35.4000,3
depth0.75,2018,3,repo,3,9.7333,5.2650,35.4000,3
depth0.75,2018,4,naive,3,20.3578,5.6610,29.3800,2
depth0.75,2018,4,repo,3,8.2556,3.7242,29.3800,3
depth0.75,2018,5,naive,3,9.1489,2.6687,24.8700,2
depth0.75,2018,5,repo,3,4.6000,0.8268,24.8700,3
depth0.75,2018,6,naive,3,15.8689,4.7060,29.4000,2
depth0.75,2018,6,repo,3,10.6222,5.9110,29.4000,2
depth0.75,2018,7,naive,3,17.2122,9.2781,22.3100,2
depth0.75,2018,7,repo,3,17.8400,9.9059,22.3100,2
depth0.75,2018,8,naive,3,14.1878,6.1549,21.2800,2
depth0.75,2018,8,repo,3,15.1311,10.8446,21.2800,2
depth0.75,2018,9,naive,3,8.7000,5.3085,24.2800,2
depth0.75,2018,9,repo,3,9.3967,4.2297,24.2800,2
depth0.75,2018,10,naive,3,13.4111,9.3935,21.4500,3
depth0.75,2018,10,repo,3,10.6022,3.4810,21.4500,2
depth0.75,2018,11,naive,3,5.5500,2.3811,21.9733,2
depth0.75,2018,11,repo,3,6.7667,3.1245,21.9733,2
depth0.75,2018,12,naive,3,13.2844,5.2214,29.6800,3
depth0.75,2018,12,repo,3,7.2444,1.9527,29.6800,3
depth0.75,2018,13,naive,3,12.6511,5.8324,31.0800,3
depth0.75,2018,13,repo,3,7.8089,0.4271,31.0800,3
depth0.75,2018,14,naive,3,11.5222,3.3669,23.9667,3
depth0.75,2018,14,repo,3,7.8444,2.9912,23.9667,3
depth0.75,2018,15,naive,3,15.5367,8.8170,26.0700,2
depth0.75,2018,15,repo,3,14.2667,10.1486,26.0700,2
depth0.75,2018,16,naive,3,14.5867,4.1751,40.4600,1
depth0.75,2018,16,repo,3,15.4000,8.9978,40.4600,1
depth0.75,2019,2,naive,3,20.3067,13.8908,28.5200,3
depth0.75,2019,2,repo,3,15.9333,12.0829,28.5200,3
depth0.75,2019,3,naive,3,6.7800,1.2074,19.6200,2
depth0.75,2019,3,repo,3,10.5111,6.2753,19.6200,3
depth0.75,2019,4,naive,3,13.0267,4.9426,25.6933,2
depth0.75,2019,4,repo,3,4.4722,0.4731,25.6933,2
depth0.75,2019,5,naive,3,6.5433,1.4064,23.7000,2
depth0.75,2019,5,repo,3,5.8722,2.5394,23.7000,2
depth0.75,2019,6,naive,3,16.8244,10.3509,30.8500,3
depth0.75,2019,6,repo,3,15.4044,5.7915,30.8500,2
depth0.75,2019,7,naive,3,9.5211,3.6885,23.4333,2
depth0.75,2019,7,repo,3,16.5944,10.7618,23.4333,2
depth0.75,2019,8,naive,3,16.1978,7.8298,22.8533,2
depth0.75,2019,8,repo,3,11.2444,7.8328,22.8533,3
depth0.75,2019,9,naive,3,16.9322,6.4919,25.6500,2
depth0.75,2019,9,repo,3,7.7611,4.8261,25.6500,2
depth0.75,2019,10,naive,3,13.3700,4.1629,23.0700,2
depth0.75,2019,10,repo,3,5.6778,2.0393,23.0700,3
depth0.75,2019,11,naive,3,13.7467,4.6330,24.9667,3
depth0.75,2019,11,repo,3,7.2333,4.1177,24.9667,3
depth0.75,2019,12,naive,3,16.0956,7.6702,26.5333,3
depth0.75,2019,12,repo,3,9.7444,4.6337,26.5333,3
depth0.75,2019,13,naive,3,13.8244,4.4359,30.4000,3
depth0.75,2019,13,repo,3,5.5222,1.9434,30.4000,3
depth0.75,2019,14,naive,3,18.8711,7.7486,25.4733,3
depth0.75,2019,14,repo,3,19.9911,13.8134,25.4733,3
depth0.75,2019,15,naive,3,21.3633,15.1379,27.9800,2
depth0.75,2019,15,repo,3,16.2667,11.9649,27.9800,2
depth0.75,2019,16,naive,3,18.5133,8.5151,33.8000,1
depth0.75,2019,16,repo,3,16.3467,8.0393,33.8000,1
depth0.75,2020,2,naive,3,14.2667,7.2461,25.9000,3
depth0.75,2020,2,repo,3,13.3000,8.6903,25.9000,3
depth0.75,2020,3,naive,3,12.5033,5.7150,25.1800,2
depth0.75,2020,3,repo,3,7.9556,4.4304,25.1800,2
depth0.75,2020,4,naive,3,12.0300,6.3351,32.9200,2
depth0.75,2020,4,repo,3,10.2111,6.3842,32.9200,2
depth0.75,2020,5,naive,3,19.9900,10.6246,29.8500,2
depth0.75,2020,5,repo,3,9.5222,2.7572,29.8500,3
depth0.75,2020,6,naive,3,11.3378,5.3233,26.2500,2
depth0.75,2020,6,repo,3,9.3644,3.3510,26.2500,3
depth0.75,2020,7,naive,3,9.4311,2.4489,23.2133,2
depth0.75,2020,7,repo,3,12.1333,8.6483,23.2133,3
depth0.75,2020,8,naive,3,11.4578,3.9002,23.6800,3
depth0.75,2020,8,repo,3,10.1678,6.8911,23.6800,2
depth0.75,2020,9,naive,3,9.7633,4.0143,22.2400,2
depth0.75,2020,9,repo,3,11.6111,8.3328,22.2400,2
depth0.75,2020,10,naive,3,7.7811,0.9635,23.5133,2
depth0.75,2020,10,repo,3,9.5667,4.8428,23.5133,2
depth0.75,2020,11,naive,3,12.9422,7.3729,25.8000,3
depth0.75,2020,11,repo,3,5.9600,-1.2539,25.8000,3
depth0.75,2020,12,naive,3,9.5156,2.3228,26.6533,3
depth0.75,2020,12,repo,3,11.7422,6.3547,26.6533,3
depth0.75,2020,13,naive,3,16.4111,4.7830,25.2267,3
depth0.75,2020,13,repo,3,8.4867,2.3246,25.2267,3
depth0.75,2020,14,naive,3,15.2578,6.5479,24.2267,3
depth0.75,2020,14,repo,3,2.4556,-1.3863,24.2267,3
depth0.75,2020,15,naive,3,14.1433,6.8304,24.6000,2
depth0.75,2020,15,repo,3,10.3233,4.7540,24.6000,2
depth0.75,2020,16,naive,3,14.3667,10.6302,37.9800,1
depth0.75,2020,16,repo,3,10.9867,5.7072,37.9800,1
depth0.75,2021,2,naive,3,20.2133,9.4634,31.6467,3
depth0.75,2021,2,repo,3,20.0000,11.5621,31.6467,3
depth0.75,2021,3,naive,3,22.7711,10.9472,28.4133,3
depth0.75,2021,3,repo,3,7.4000,3.3667,28.4133,2
depth0.75,2021,4,naive,3,18.7967,6.3088,23.7400,2
depth0.75,2021,4,repo,3,14.4778,10.3801,23.7400,3
depth0.75,2021,5,naive,3,8.5889,4.1109,23.2467,2
depth0.75,2021,5,repo,3,8.7200,2.5175,23.2467,2
depth0.75,2021,6,naive,3,11.0644,5.3958,20.9400,3
depth0.75,2021,6,repo,3,6.9944,3.1892,20.9400,2
depth0.75,2021,7,naive,3,10.5867,4.7570,21.7200,3
depth0.75,2021,7,repo,3,6.9222,3.5451,21.7200,2
depth0.75,2021,8,naive,3,10.2889,3.2121,20.4667,2
depth0.75,2021,8,repo,3,2.3722,-0.6363,20.4667,2
depth0.75,2021,9,naive,3,6.6444,1.5858,17.6333,3
depth0.75,2021,9,repo,3,2.1211,-1.7684,17.6333,2
depth0.75,2021,10,naive,3,9.5244,4.3301,18.4333,3
depth0.75,2021,10,repo,3,13.8778,9.8347,18.4333,3
depth0.75,2021,11,naive,3,10.1667,3.5959,25.3333,2
depth0.75,2021,11,repo,3,10.6122,5.9228,25.3333,2
depth0.75,2021,12,naive,3,8.1733,1.9350,18.6933,2
depth0.75,2021,12,repo,3,7.5444,4.2227,18.6933,3
depth0.75,2021,13,naive,3,11.3022,5.8193,17.4333,3
depth0.75,2021,13,repo,3,12.4556,8.9986,17.4333,3
depth0.75,2021,14,naive,3,12.0378,7.3209,18.8000,3
depth0.75,2021,14,repo,3,8.2622,4.1986,18.8000,3
depth0.75,2021,15,naive,3,5.9289,-0.3293,25.3333,3
depth0.75,2021,15,repo,3,12.8467,7.9946,25.3333,3
depth0.75,2021,16,naive,3,5.4000,1.2549,28.2500,2
depth0.75,2021,16,repo,3,3.2000,-0.8910,28.2500,2
depth0.75,2021,17,naive,3,17.7067,11.4777,27.2400,1
depth0.75,2021,17,repo,3,6.4000,1.8943,27.2400,1
depth0.75,2022,2,naive,3,7.8000,-2.4148,24.8733,3
depth0.75,2022,2,repo,3,9.6556,5.5506,24.8733,3
depth0.75,2022,3,naive,3,7.8111,4.3742,22.8000,2
depth0.75,2022,3,repo,3,13.4844,7.3733,22.8000,3
depth0.75,2022,4,naive,3,8.6867,0.6099,20.5000,3
depth0.75,2022,4,repo,3,8.1111,4.4301,20.5000,3
depth0.75,2022,5,naive,3,9.2122,3.6991,22.6000,2
depth0.75,2022,5,repo,3,16.2667,12.6096,22.6000,3
depth0.75,2022,6,naive,3,7.9933,1.0015,30.7067,3
depth0.75,2022,6,repo,3,11.2889,7.7303,30.7067,3
depth0.75,2022,7,naive,3,18.5844,9.2116,36.0467,2
depth0.75,2022,7,repo,3,20.7156,14.1642,36.0467,2
depth0.75,2022,8,naive,3,15.0800,9.4846,23.7400,2
depth0.75,2022,8,repo,3,9.5556,6.8182,23.7400,3
depth0.75,2022,9,naive,3,17.0711,10.8991,22.9333,2
depth0.75,2022,9,repo,3,1.8667,-2.5297,22.9333,3
depth0.75,2022,10,naive,3,10.9889,7.8439,20.3333,3
depth0.75,2022,10,repo,3,13.0222,9.7909,20.3333,2
depth0.75,2022,11,naive,3,10.6111,4.7308,15.4667,2
depth0.75,2022,11,repo,3,12.3800,7.8560,15.4667,3
depth0.75,2022,12,naive,3,10.3644,1.9663,24.0333,3
depth0.75,2022,12,repo,3,10.6156,5.5113,24.0333,3
depth0.75,2022,13,naive,3,18.1756,13.2680,23.4667,3
depth0.75,2022,13,repo,3,10.7511,5.8419,23.4667,3
depth0.75,2022,14,naive,3,11.4489,5.7310,20.8667,3
depth0.75,2022,14,repo,3,13.8444,9.5449,20.8667,3
depth0.75,2022,15,naive,3,10.9778,7.7258,20.6000,3
depth0.75,2022,15,repo,3,12.1333,8.7809,20.6000,3
depth0.75,2022,16,naive,3,8.8167,4.0740,23.3500,2
depth0.75,2022,16,repo,3,12.5833,7.7781,23.3500,2
depth0.75,2022,17,naive,3,12.8867,6.9511,25.0000,1
depth0.75,2022,17,repo,3,2.4333,-2.2447,25.0000,1
depth0.75,2023,2,naive,3,15.0244,4.0534,31.9333,3
depth0.75,2023,2,repo,3,16.9289,9.2500,31.9333,3
depth0.75,2023,3,naive,3,11.3111,4.0066,22.1667,3
depth0.75,2023,3,repo,3,16.8778,11.6497,22.1667,3
depth0.75,2023,4,naive,3,6.7133,0.4144,22.3500,3
depth0.75,2023,4,repo,3,10.1556,6.7884,22.3500,2
depth0.75,2023,5,naive,3,14.1778,7.1992,26.4700,3
depth0.75,2023,5,repo,3,15.9978,10.9544,26.4700,3
depth0.75,2023,6,naive,3,16.9900,9.4259,28.2100,2
depth0.75,2023,6,repo,3,6.0833,3.0520,28.2100,2
depth0.75,2023,7,naive,3,6.9844,0.6409,24.3200,3
depth0.75,2023,7,repo,3,8.9611,6.0924,24.3200,2
depth0.75,2023,8,naive,3,17.8311,9.8503,27.4600,3
depth0.75,2023,8,repo,3,13.9711,7.5405,27.4600,2
depth0.75,2023,9,naive,3,7.6333,4.7656,17.2000,3
depth0.75,2023,9,repo,3,9.3111,6.4434,17.2000,3
depth0.75,2023,10,naive,3,13.2644,9.6174,17.9667,3
depth0.75,2023,10,repo,3,5.4556,2.5790,17.9667,3
depth0.75,2023,11,naive,3,17.4344,7.7341,23.3267,2
depth0.75,2023,11,repo,3,10.9178,5.9382,23.3267,3
depth0.75,2023,12,naive,3,15.5111,7.6402,22.9400,3
depth0.75,2023,12,repo,3,9.4067,3.8656,22.9400,3
depth0.75,2023,13,naive,3,9.2044,2.7521,20.6733,3
depth0.75,2023,13,repo,3,7.4900,3.0265,20.6733,2
depth0.75,2023,14,naive,3,13.2622,3.1263,21.7067,3
depth0.75,2023,14,repo,3,12.9400,7.3270,21.7067,3
depth0.75,2023,15,naive,3,14.8222,8.5048,22.5667,3
depth0.75,2023,15,repo,3,15.1511,8.8337,22.5667,3
depth0.75,2023,16,naive,3,11.8833,4.0862,21.3700,2
depth0.75,2023,16,repo,3,12.7733,6.9383,21.3700,2
depth0.75,2023,17,naive,3,11.1333,4.4035,20.8000,1
depth0.75,2023,17,repo,3,15.7467,11.0449,20.8000,1
depth0.75,2024,2,naive,3,9.7889,5.5101,25.1400,2
depth0.75,2024,2,repo,3,10.8400,2.5523,25.1400,3
depth0.75,2024,3,naive,3,14.1356,6.9256,25.8900,3
depth0.75,2024,3,repo,3,17.4133,11.4833,25.8900,3
depth0.75,2024,4,naive,3,18.2078,7.0824,26.1000,2
depth0.75,2024,4,repo,3,12.5378,6.0944,26.1000,2
depth0.75,2024,5,naive,3,10.8644,3.8463,21.5200,3
depth0.75,2024,5,repo,3,10.4856,4.9223,21.5200,2
depth0.75,2024,6,naive,3,7.8489,1.7630,29.2667,2
depth0.75,2024,6,repo,3,14.4222,9.7529,29.2667,3
depth0.75,2024,7,naive,3,12.0533,7.1379,21.1000,2
depth0.75,2024,7,repo,3,8.3889,5.9619,21.1000,2
depth0.75,2024,8,naive,3,13.6033,5.7498,21.5067,2
depth0.75,2024,8,repo,3,7.9056,5.4886,21.5067,2
depth0.75,2024,9,naive,3,10.6267,4.2981,24.2600,2
depth0.75,2024,9,repo,3,13.3833,10.2353,24.2600,2
depth0.75,2024,10,naive,3,15.4833,6.4615,25.7333,2
depth0.75,2024,10,repo,3,11.6333,9.3090,25.7333,3
depth0.75,2024,11,naive,3,13.4889,3.5983,25.7400,2
depth0.75,2024,11,repo,3,8.2167,4.9938,25.7400,2
depth0.75,2024,12,naive,3,13.7444,6.6878,21.6333,3
depth0.75,2024,12,repo,3,4.9667,2.7392,21.6333,3
depth0.75,2024,13,naive,3,11.2778,1.6679,20.1533,3
depth0.75,2024,13,repo,3,9.6667,6.4389,20.1533,3
depth0.75,2024,14,naive,3,6.7889,2.1448,18.7000,3
depth0.75,2024,14,repo,3,5.2000,2.8180,18.7000,3
depth0.75,2024,15,naive,3,10.1711,5.1139,26.8267,3
depth0.75,2024,15,repo,3,2.7333,-1.3500,26.8267,3
depth0.75,2024,16,naive,3,21.8733,14.0724,26.6800,2
depth0.75,2024,16,repo,3,6.7000,3.6764,26.6800,2
depth0.75,2024,17,naive,3,10.2067,5.2132,36.4400,1
depth0.75,2024,17,repo,3,7.3333,2.4457,36.4400,1
depth0.75,2025,2,naive,3,9.7933,1.6148,23.7600,3
depth0.75,2025,2,repo,3,13.4111,9.6513,23.7600,3
depth0.75,2025,3,naive,3,7.7067,2.0409,27.1933,3
depth0.75,2025,3,repo,3,11.2333,7.6515,27.1933,2
depth0.75,2025,4,naive,3,19.0022,7.7045,24.6267,3
depth0.75,2025,4,repo,3,11.0833,7.4456,24.6267,2
depth0.75,2025,5,naive,3,15.9333,9.3339,23.8133,2
depth0.75,2025,5,repo,3,14.0433,9.3854,23.8133,2
depth0.75,2025,6,naive,3,15.0822,6.2022,27.0000,3
depth0.75,2025,6,repo,3,6.7233,0.9366,27.0000,2
depth0.75,2025,7,naive,3,14.4489,9.0308,27.5100,3
depth0.75,2025,7,repo,3,11.2000,8.2151,27.5100,3
depth0.75,2025,8,naive,3,10.1556,4.4335,20.2800,2
depth0.75,2025,8,repo,3,7.9667,5.4767,20.2800,2
depth0.75,2025,9,naive,3,10.0022,4.1983,20.6333,2
depth0.75,2025,9,repo,3,11.0611,7.8377,20.6333,2
depth0.75,2025,10,naive,3,8.8867,3.6388,20.8733,3
depth0.75,2025,10,repo,3,6.2689,2.1949,20.8733,3
depth0.75,2025,11,naive,3,12.6444,8.2211,19.1200,2
depth0.75,2025,11,repo,3,6.0056,1.4873,19.1200,2
depth0.75,2025,12,naive,3,3.9022,-2.4901,21.6600,2
depth0.75,2025,12,repo,3,2.3111,-2.2694,21.6600,3
depth0.75,2025,13,naive,3,7.6922,-0.2232,28.5500,2
depth0.75,2025,13,repo,3,13.6389,9.9381,28.5500,2
depth0.75,2025,14,naive,3,11.8289,5.7552,19.0400,3
depth0.75,2025,14,repo,3,7.9444,5.4886,19.0400,3
depth0.75,2025,15,naive,3,12.9911,5.4915,25.2667,3
depth0.75,2025,15,repo,3,13.0289,5.5293,25.2667,3
depth0.75,2025,16,naive,3,15.0733,7.7052,29.5000,2
depth0.75,2025,16,repo,3,6.8333,3.4012,29.5000,2
depth0.75,2025,17,naive,3,13.1600,6.6736,34.3000,1
depth0.75,2025,17,repo,3,2.5667,-0.8053,34.3000,1
depth1.25,2014,2,naive,3,17.3156,7.2865,23.4900,3
depth1.25,2014,2,repo,3,9.7333,2.9016,23.4900,2
depth1.25,2014,3,naive,3,7.1844,1.6403,20.5800,2
depth1.25,2014,3,repo,3,5.0556,2.6257,20.5800,3
depth1.25,2014,4,naive,3,8.8200,5.2398,20.4667,2
depth1.25,2014,4,repo,3,10.2356,6.3911,20.4667,2
depth1.25,2014,5,naive,3,17.7978,11.4208,29.1133,3
depth1.25,2014,5,repo,3,14.9822,10.6103,29.1133,3
depth1.25,2014,6,naive,3,8.9089,1.2552,20.6700,3
depth1.25,2014,6,repo,3,15.4222,12.7621,20.6700,2
depth1.25,2014,7,naive,3,8.4889,5.8856,21.1000,2
depth1.25,2014,7,repo,3,9.0833,6.4801,21.1000,2
depth1.25,2014,8,naive,3,11.5522,7.1790,23.7000,2
depth1.25,2014,8,repo,3,4.6733,1.2091,23.7000,2
depth1.25,2014,9,naive,3,8.3256,5.1332,22.4333,2
depth1.25,2014,9,repo,3,7.3389,3.9681,22.4333,2
depth1.25,2014,10,naive,3,11.1511,7.1562,16.0000,3
depth1.25,2014,10,repo,3,2.6711,-0.2175,16.0000,3
depth1.25,2014,11,naive,3,7.5489,2.2945,14.9000,3
depth1.25,2014,11,repo,3,5.5756,1.9634,14.9000,3
depth1.25,2014,12,naive,3,6.5067,1.9949,15.3667,3
depth1.25,2014,12,repo,3,5.6111,3.0696,15.3667,3
depth1.25,2014,13,naive,3,5.9000,-0.0428,17.4400,3
depth1.25,2014,13,repo,3,7.9222,1.9794,17.4400,3
depth1.25,2014,14,naive,3,11.5600,5.7565,16.7267,3
depth1.25,2014,14,repo,3,5.4711,1.4194,16.7267,3
depth1.25,2014,15,naive,3,9.5100,2.2731,20.5200,2
depth1.25,2014,15,repo,3,1.7167,-2.2220,20.5200,2
depth1.25,2014,16,naive,3,10.7267,5.4978,26.1200,1
depth1.25,2014,16,repo,3,1.5333,-0.5576,26.1200,1
depth1.25,2015,2,naive,3,10.1578,1.6678,23.3000,3
depth1.25,2015,2,repo,3,3.9556,0.9877,23.3000,3
depth1.25,2015,3,naive,3,18.4167,15.4526,23.1467,2
depth1.25,2015,3,repo,3,8.2311,1.9634,23.1467,3
depth1.25,2015,4,naive,3,10.3556,2.5021,23.1000,3
depth1.25,2015,4,repo,3,14.2978,8.9999,23.1000,2
depth1.25,2015,5,naive,3,10.4956,7.0003,20.8133,3
depth1.25,2015,5,repo,3,8.8000,6.5859,20.8133,3
depth1.25,2015,6,naive,3,14.7689,5.7736,21.3500,2
depth1.25,2015,6,repo,3,13.2756,7.1635,21.3500,3
depth1.25,2015,7,naive,3,12.4044,8.2432,24.9000,2
depth1.25,2015,7,repo,3,12.4644,9.2745,24.9000,2
depth1.25,2015,8,naive,3,1.1000,-3.0675,24.1600,2
depth1.25,2015,8,repo,3,10.5867,6.7819,24.1600,2
depth1.25,2015,9,naive,3,15.0133,8.1333,24.5000,2
depth1.25,2015,9,repo,3,11.5300,7.1916,24.5000,2
depth1.25,2015,10,naive,3,14.2944,9.9051,27.9500,2
depth1.25,2015,10,repo,3,6.2222,3.9177,27.9500,3
depth1.25,2015,11,naive,3,9.5178,6.7741,18.2733,3
depth1.25,2015,11,repo,3,5.5333,3.1433,18.2733,3
depth1.25,2015,12,naive,3,14.2622,9.4250,22.2133,3
depth1.25,2015,12,repo,3,6.7600,2.1004,22.2133,3
depth1.25,2015,13,naive,3,9.0822,3.8072,19.8400,3
depth1.25,2015,13,repo,3,9.3467,5.0490,19.8400,3
depth1.25,2015,14,naive,3,8.7756,4.9794,19.8667,3
depth1.25,2015,14,repo,3,10.0022,5.8719,19.8667,3
depth1.25,2015,15,naive,3,6.9500,1.6181,24.8000,2
depth1.25,2015,15,repo,3,8.3333,5.3562,24.8000,2
depth1.25,2015,16,naive,3,4.6600,-0.2255,23.4000,1
depth1.25,2015,16,repo,3,10.1333,5.9347,23.4000,1
depth1.25,2016,2,naive,3,15.9244,8.0276,20.8133,3
depth1.25,2016,2,repo,3,10.2133,5.3035,20.8133,2
depth1.25,2016,3,naive,3,11.3078,4.9978,18.5467,2
depth1.25,2016,3,repo,3,9.6867,4.0351,18.5467,2
depth1.25,2016,4,naive,3,10.7056,6.3051,21.4667,2
depth1.25,2016,4,repo,3,10.4733,6.0729,21.4667,3
depth1.25,2016,5,naive,3,12.3289,8.0409,25.1733,3
depth1.25,2016,5,repo,3,4.6156,1.0162,25.1733,3
depth1.25,2016,6,naive,3,18.5433,10.7910,24.1400,2
depth1.25,2016,6,repo,3,15.2256,8.0798,24.1400,2
depth1.25,2016,7,naive,3,8.4467,1.3989,23.0600,2
depth1.25,2016,7,repo,3,11.0689,6.5970,23.0600,2
depth1.25,2016,8,naive,3,4.9233,1.5167,17.4000,2
depth1.25,2016,8,repo,3,9.2122,6.6032,17.4000,2
depth1.25,2016,9,naive,3,15.9978,12.1912,25.4933,3
depth1.25,2016,9,repo,3,14.0644,10.4509,25.4933,2
depth1.25,2016,10,naive,3,13.1644,8.0403,18.2467,3
depth1.25,2016,10,repo,3,13.6311,8.6121,18.2467,3
depth1.25,2016,11,naive,3,10.5756,5.7390,16.9000,3
depth1.25,2016,11,repo,3,11.1000,7.2630,16.9000,3
depth1.25,2016,12,naive,3,6.4711,1.7725,17.4667,3
depth1.25,2016,12,repo,3,7.7889,5.4028,17.4667,3
depth1.25,2016,13,naive,3,3.4556,1.2643,18.3933,3
depth1.25,2016,13,repo,3,3.5667,0.8134,18.3933,3
depth1.25,2016,14,naive,3,9.6067,2.0941,19.5467,3
depth1.25,2016,14,repo,3,8.4200,3.4555,19.5467,3
depth1.25,2016,15,naive,3,10.9867,6.1419,24.0900,2
depth1.25,2016,15,repo,3,6.7700,1.8521,24.0900,2
depth1.25,2016,16,naive,3,13.2333,7.1075,27.4000,1
depth1.25,2016,16,repo,3,5.2667,0.7217,27.4000,1
depth1.25,2017,2,naive,3,21.6489,10.2587,29.8000,3
depth1.25,2017,2,repo,3,3.3389,0.6139,29.8000,2
depth1.25,2017,3,naive,3,8.6156,1.7160,20.8300,3
depth1.25,2017,3,repo,3,7.0222,3.7710,20.8300,2
depth1.25,2017,4,naive,3,14.9044,6.6215,18.1000,2
depth1.25,2017,4,repo,3,8.9256,3.8311,18.1000,2
depth1.25,2017,5,naive,3,3.9511,1.2155,11.8333,3
depth1.25,2017,5,repo,3,10.0956,7.5814,11.8333,3
depth1.25,2017,6,naive,3,4.8633,0.2560,18.8000,2
depth1.25,2017,6,repo,3,8.4056,5.9234,18.8000,2
depth1.25,2017,7,naive,3,4.8922,0.0166,18.9700,2
depth1.25,2017,7,repo,3,4.8133,0.1844,18.9700,2
depth1.25,2017,8,naive,3,12.1867,6.3945,21.1900,2
depth1.25,2017,8,repo,3,12.3467,6.5545,21.1900,2
depth1.25,2017,9,naive,3,8.2844,4.0653,15.6333,3
depth1.25,2017,9,repo,3,10.9044,6.2383,15.6333,3
depth1.25,2017,10,naive,3,4.0567,1.3953,19.4333,2
depth1.25,2017,10,repo,3,13.2933,9.6080,19.4333,3
depth1.25,2017,11,naive,3,8.4022,3.9776,18.6867,3
depth1.25,2017,11,repo,3,4.8556,2.1570,18.6867,3
depth1.25,2017,12,naive,3,13.0067,7.2256,19.0800,3
depth1.25,2017,12,repo,3,10.5400,5.7729,19.0800,3
depth1.25,2017,13,naive,3,8.5067,4.3313,18.7267,3
depth1.25,2017,13,repo,3,12.7467,8.3934,18.7267,3
depth1.25,2017,14,naive,3,4.7756,0.7450,20.9200,3
depth1.25,2017,14,repo,3,6.8333,4.2335,20.9200,3
depth1.25,2017,15,naive,3,4.0333,-0.1735,18.7800,2
depth1.25,2017,15,repo,3,8.9933,4.7966,18.7800,2
depth1.25,2017,16,naive,3,9.4267,5.6450,24.6600,1
depth1.25,2017,16,repo,3,13.5533,8.9811,24.6600,1
depth1.25,2018,2,naive,3,22.1667,13.9657,27.9400,3
depth1.25,2018,2,repo,3,11.3000,8.0123,27.9400,3
depth1.25,2018,3,naive,3,5.0756,-3.5991,35.4000,3
depth1.25,2018,3,repo,3,14.4422,8.5927,35.4000,2
depth1.25,2018,4,naive,3,15.6844,6.0252,29.3800,2
depth1.25,2018,4,repo,3,9.2222,6.6180,29.3800,2
depth1.25,2018,5,naive,3,7.6444,2.8718,22.1200,2
depth1.25,2018,5,repo,3,3.7056,1.7242,22.1200,2
depth1.25,2018,6,naive,3,8.6111,2.0351,29.4000,3
depth1.25,2018,6,repo,3,18.6844,14.0051,29.4000,2
depth1.25,2018,7,naive,3,7.5067,2.0005,22.3100,3
depth1.25,2018,7,repo,3,13.1367,9.4067,22.3100,2
depth1.25,2018,8,naive,3,9.5311,5.0444,20.2600,2
depth1.25,2018,8,repo,3,10.5867,7.2770,20.2600,2
depth1.25,2018,9,naive,3,9.5556,5.2426,18.0600,2
depth1.25,2018,9,repo,3,8.1322,5.3400,18.0600,2
depth1.25,2018,10,naive,3,10.3333,5.5285,21.4500,2
depth1.25,2018,10,repo,3,9.0833,5.4264,21.4500,2
depth1.25,2018,11,naive,3,8.5444,3.8742,21.6200,2
depth1.25,2018,11,repo,3,7.1578,1.3242,21.6200,3
depth1.25,2018,12,naive,3,14.4956,6.6011,22.2800,3
depth1.25,2018,12,repo,3,9.9778,5.6444,22.2800,3
depth1.25,2018,13,naive,3,13.0333,7.5691,21.9333,3
depth1.25,2018,13,repo,3,7.9667,3.8052,21.9333,3
depth1.25,2018,14,naive,3,10.7289,3.7380,23.9667,3
depth1.25,2018,14,repo,3,13.4911,8.0632,23.9667,3
depth1.25,2018,15,naive,3,19.9267,11.5743,26.0700,2
depth1.25,2018,15,repo,3,10.0500,6.9208,26.0700,2
depth1.25,2018,16,naive,3,15.2067,8.5489,36.9000,1
depth1.25,2018,16,repo,3,15.8600,10.9478,36.9000,1
depth1.25,2019,2,naive,3,12.0089,7.4621,24.0867,2
depth1.25,2019,2,repo,3,9.7444,5.0319,24.0867,3
depth1.25,2019,3,naive,3,9.6533,3.8539,19.6200,2
depth1.25,2019,3,repo,3,9.6289,5.3266,19.6200,3
depth1.25,2019,4,naive,3,5.4767,1.7840,21.2667,2
depth1.25,2019,4,repo,3,4.9967,0.5233,21.2667,2
depth1.25,2019,5,naive,3,9.6378,6.7064,19.0000,3
depth1.25,2019,5,repo,3,3.3889,0.6969,19.0000,3
depth1.25,2019,6,naive,3,11.9733,6.7388,20.5467,3
depth1.25,2019,6,repo,3,8.3333,6.2352,20.5467,3
depth1.25,2019,7,naive,3,15.8689,5.5256,20.4667,3
depth1.25,2019,7,repo,3,9.4811,4.8141,20.4667,2
depth1.25,2019,8,naive,3,9.1611,1.3437,20.9900,2
depth1.25,2019,8,repo,3,7.2411,2.5312,20.9900,2
depth1.25,2019,9,naive,3,15.1967,6.3993,25.6500,2
depth1.25,2019,9,repo,3,5.2444,3.3694,25.6500,2
depth1.25,2019,10,naive,3,8.3378,4.8220,18.2733,2
depth1.25,2019,10,repo,3,10.5911,6.9892,18.2733,2
depth1.25,2019,11,naive,3,11.0267,7.1606,24.5867,3
depth1.25,2019,11,repo,3,7.6533,4.5566,24.5867,3
depth1.25,2019,12,naive,3,8.9578,6.0097,26.5333,3
depth1.25,2019,12,repo,3,1.0778,-1.2162,26.5333,3
depth1.25,2019,13,naive,3,14.1356,6.2092,30.4000,3
depth1.25,2019,13,repo,3,10.2667,4.3393,30.4000,3
depth1.25,2019,14,naive,3,18.9111,11.0250,24.3867,3
depth1.25,2019,14,repo,3,9.7978,5.1037,24.3867,3
depth1.25,2019,15,naive,3,14.1667,8.5138,25.2200,2
depth1.25,2019,15,repo,3,16.9067,12.4310,25.2200,2
depth1.25,2019,16,naive,3,17.7533,11.3147,23.0000,1
depth1.25,2019,16,repo,3,9.3667,6.3183,23.0000,1
depth1.25,2020,2,naive,3,15.6889,6.3882,24.9000,3
depth1.25,2020,2,repo,3,8.1000,4.5727,24.9000,3
depth1.25,2020,3,naive,3,12.4222,7.1729,25.1800,3
depth1.25,2020,3,repo,3,6.4289,-0.8094,25.1800,3
depth1.25,2020,4,naive,3,4.8444,1.7959,17.5000,3
depth1.25,2020,4,repo,3,9.0944,5.6701,17.5000,2
depth1.25,2020,5,naive,3,9.2556,6.3691,18.3333,2
depth1.25,2020,5,repo,3,11.4556,7.8245,18.3333,3
depth1.25,2020,6,naive,3,4.4433,0.7753,20.6667,2
depth1.25,2020,6,repo,3,12.3778,9.2713,20.6667,3
depth1.25,2020,7,naive,3,4.0856,1.6421,18.6733,2
depth1.25,2020,7,repo,3,2.8367,-0.0067,18.6733,2
depth1.25,2020,8,naive,3,11.0256,6.9298,15.7667,2
depth1.25,2020,8,repo,3,10.7578,7.7823,15.7667,2
depth1.25,2020,9,naive,3,7.8956,5.6301,14.7467,2
depth1.25,2020,9,repo,3,9.5289,7.2634,14.7467,2
depth1.25,2020,10,naive,3,7.2889,4.1865,21.7733,3
depth1.25,2020,10,repo,3,1.1000,-1.0679,21.7733,2
depth1.25,2020,11,naive,3,16.1822,12.2153,20.0133,3
depth1.25,2020,11,repo,3,6.1889,3.3102,20.0133,3
depth1.25,2020,12,naive,3,9.0489,4.0879,22.1200,3
depth1.25,2020,12,repo,3,4.4778,2.3975,22.1200,3
depth1.25,2020,13,naive,3,8.5178,3.7489,25.2267,3
depth1.25,2020,13,repo,3,4.9667,2.9306,25.2267,3
depth1.25,2020,14,naive,3,18.0933,11.3705,24.2267,3
depth1.25,2020,14,repo,3,7.2911,3.1199,24.2267,3
depth1.25,2020,15,naive,3,7.9933,2.7414,21.4000,2
depth1.25,2020,15,repo,3,6.8400,1.5881,21.4000,2
depth1.25,2020,16,naive,3,5.9867,2.6501,31.3000,1
depth1.25,2020,16,repo,3,3.4000,1.2769,31.3000,1
depth1.25,2021,2,naive,3,17.2244,8.8865,31.6467,3
depth1.25,2021,2,repo,3,9.4867,3.9204,31.6467,3
depth1.25,2021,3,naive,3,14.0289,3.5648,25.3000,3
depth1.25,2021,3,repo,3,14.3067,4.1603,25.3000,3
depth1.25,2021,4,naive,3,18.2833,10.0981,22.6067,2
depth1.25,2021,4,repo,3,9.0311,3.2951,22.6067,3
depth1.25,2021,5,naive,3,5.8644,1.7248,16.2067,3
depth1.25,2021,5,repo,3,7.6511,4.8000,16.2067,3
depth1.25,2021,6,naive,3,7.2878,3.1428,17.2400,2
depth1.25,2021,6,repo,3,12.8311,6.5359,17.2400,2
depth1.25,2021,7,naive,3,3.1800,0.2602,11.9800,2
depth1.25,2021,7,repo,3,7.0633,4.1435,11.9800,2
depth1.25,2021,8,naive,3,10.2889,4.3046,20.4667,2
depth1.25,2021,8,repo,3,8.3267,3.8062,20.4667,2
depth1.25,2021,9,naive,3,4.3833,1.0279,17.6333,2
depth1.25,2021,9,repo,3,7.2000,5.3083,17.6333,3
depth1.25,2021,10,naive,3,5.9978,2.9944,16.1933,3
depth1.25,2021,10,repo,3,2.0444,-0.5490,16.1933,3
depth1.25,2021,11,naive,3,4.3133,1.7247,12.1333,2
depth1.25,2021,11,repo,3,7.7722,5.0369,12.1333,2
depth1.25,2021,12,naive,3,6.7700,2.8868,18.5800,2
depth1.25,2021,12,repo,3,4.0667,0.1835,18.5800,2
depth1.25,2021,13,naive,3,11.8356,8.0767,17.0667,3
depth1.25,2021,13,repo,3,13.0289,9.6480,17.0667,3
depth1.25,2021,14,naive,3,6.3867,1.1544,16.1800,3
depth1.25,2021,14,repo,3,4.3667,1.9658,16.1800,3
depth1.25,2021,15,naive,3,5.9289,1.5830,18.0733,3
depth1.25,2021,15,repo,3,7.5800,3.8321,18.0733,3
depth1.25,2021,16,naive,3,4.5067,1.1909,18.6900,2
depth1.25,2021,16,repo,3,8.8733,5.8118,18.6900,2
depth1.25,2021,17,naive,3,1.5000,-2.5681,27.2400,1
depth1.25,2021,17,repo,3,7.1267,2.3487,27.2400,1
depth1.25,2022,2,naive,3,9.9111,6.8482,19.9600,3
depth1.25,2022,2,repo,3,12.4578,7.5300,19.9600,3
depth1.25,2022,3,naive,3,15.6200,6.4620,22.8000,2
depth1.25,2022,3,repo,3,12.7422,6.5404,22.8000,3
depth1.25,2022,4,naive,3,5.8622,0.5763,19.5933,3
depth1.25,2022,4,repo,3,6.6556,4.0533,19.5933,3
depth1.25,2022,5,naive,3,5.6956,1.0409,22.6000,3
depth1.25,2022,5,repo,3,13.2000,8.5762,22.6000,2
depth1.25,2022,6,naive,3,1.1667,-2.8573,18.2000,3
depth1.25,2022,6,repo,3,15.6722,12.3134,18.2000,2
depth1.25,2022,7,naive,3,6.7744,2.6992,22.3000,2
depth1.25,2022,7,repo,3,11.9911,7.6628,22.3000,3
depth1.25,2022,8,naive,3,14.0778,8.6052,19.9200,2
depth1.25,2022,8,repo,3,8.6556,6.0297,19.9200,3
depth1.25,2022,9,naive,3,4.6278,2.1255,16.7100,2
depth1.25,2022,9,repo,3,3.2111,0.2260,16.7100,3
depth1.25,2022,10,naive,3,13.9756,10.6348,20.3333,3
depth1.25,2022,10,repo,3,12.1178,8.9969,20.3333,3
depth1.25,2022,11,naive,3,10.5933,4.9476,15.4667,3
depth1.25,2022,11,repo,3,10.2122,4.7442,15.4667,2
depth1.25,2022,12,naive,3,7.7289,2.3450,16.9000,2
depth1.25,2022,12,repo,3,8.0433,4.3010,16.9000,2
depth1.25,2022,13,naive,3,9.9633,4.9216,20.6267,2
depth1.25,2022,13,repo,3,12.7089,8.9701,20.6267,3
depth1.25,2022,14,naive,3,11.4444,7.3222,18.9133,3
depth1.25,2022,14,repo,3,8.5000,5.6837,18.9133,3
depth1.25,2022,15,naive,3,3.7533,-0.1167,17.6133,3
depth1.25,2022,15,repo,3,5.7200,2.4509,17.6133,3
depth1.25,2022,16,naive,3,5.5100,2.2352,19.7300,2
depth1.25,2022,16,repo,3,9.3333,7.0333,19.7300,2
depth1.25,2022,17,naive,3,12.8200,8.1060,18.3000,1
depth1.25,2022,17,repo,3,8.7667,5.3882,18.3000,1
depth1.25,2023,2,naive,3,8.3400,-0.9309,31.9333,3
depth1.25,2023,2,repo,3,16.5689,6.7422,31.9333,3
depth1.25,2023,3,naive,3,7.8144,3.0384,16.2667,2
depth1.25,2023,3,repo,3,7.0556,4.4930,16.2667,3
depth1.25,2023,4,naive,3,12.4967,7.2074,18.6800,2
depth1.25,2023,4,repo,3,9.8178,6.9954,18.6800,3
depth1.25,2023,5,naive,3,15.3778,10.5996,20.7100,2
depth1.25,2023,5,repo,3,9.2556,7.1589,20.7100,2
depth1.25,2023,6,naive,3,12.3811,8.3138,19.9600,2
depth1.25,2023,6,repo,3,14.7022,10.6684,19.9600,3
depth1.25,2023,7,naive,3,8.3411,5.6978,17.2667,2
depth1.25,2023,7,repo,3,5.2056,2.5232,17.2667,2
depth1.25,2023,8,naive,3,12.6333,8.2855,16.9800,3
depth1.25,2023,8,repo,3,8.2944,6.0742,16.9800,2
depth1.25,2023,9,naive,3,6.9667,4.1638,15.4400,2
depth1.25,2023,9,repo,3,4.9867,0.9071,15.4400,2
depth1.25,2023,10,naive,3,12.6856,9.2252,17.9667,2
depth1.25,2023,10,repo,3,4.7867,1.3263,17.9667,2
depth1.25,2023,11,naive,3,9.9833,4.1296,20.6133,2
depth1.25,2023,11,repo,3,8.2733,4.4544,20.6133,2
depth1.25,2023,12,naive,3,11.2722,5.2696,22.9400,2
depth1.25,2023,12,repo,3,1.2611,-1.1872,22.9400,2
depth1.25,2023,13,naive,3,8.6022,5.1079,20.6733,3
depth1.25,2023,13,repo,3,8.3133,3.7541,20.6733,3
depth1.25,2023,14,naive,3,11.5778,2.5968,21.4467,3
depth1.25,2023,14,repo,3,6.9222,4.7539,21.4467,3
depth1.25,2023,15,naive,3,10.5333,6.0388,20.6200,3
depth1.25,2023,15,repo,3,12.7489,7.0354,20.6200,3
depth1.25,2023,16,naive,3,11.6700,4.1107,18.2200,2
depth1.25,2023,16,repo,3,4.8700,1.0946,18.2200,2
depth1.25,2023,17,naive,3,9.2600,3.8026,20.8000,1
depth1.25,2023,17,repo,3,6.5000,3.5021,20.8000,1
depth1.25,2024,2,naive,3,15.1711,9.2024,25.1400,3
depth1.25,2024,2,repo,3,11.4444,8.6470,25.1400,3
depth1.25,2024,3,naive,3,6.0089,1.2387,25.8900,3
depth1.25,2024,3,repo,3,5.5611,2.7658,25.8900,2
depth1.25,2024,4,naive,3,10.4089,5.2814,26.1000,2
depth1.25,2024,4,repo,3,12.4044,7.2840,26.1000,2
depth1.25,2024,5,naive,3,1.9956,-1.2844,16.7667,3
depth1.25,2024,5,repo,3,9.7256,6.6487,16.7667,2
depth1.25,2024,6,naive,3,13.4444,9.6275,19.4333,3
depth1.25,2024,6,repo,3,10.5511,6.5093,19.4333,3
depth1.25,2024,7,naive,3,13.8222,9.2405,20.9500,2
depth1.25,2024,7,repo,3,10.4444,6.7927,20.9500,2
depth1.25,2024,8,naive,3,16.0600,10.3067,21.5067,2
depth1.25,2024,8,repo,3,4.7556,2.7843,21.5067,2
depth1.25,2024,9,naive,3,8.4200,1.0071,24.2600,3
depth1.25,2024,9,repo,3,12.2533,9.9025,24.2600,2
depth1.25,2024,10,naive,3,10.3389,5.8497,25.7333,2
depth1.25,2024,10,repo,3,16.7100,11.4562,25.7333,2
depth1.25,2024,11,naive,3,17.0544,8.3105,25.7400,2
depth1.25,2024,11,repo,3,11.7522,6.3643,25.7400,2
depth1.25,2024,12,naive,3,9.1200,6.0649,16.0400,3
depth1.25,2024,12,repo,3,6.1389,4.2839,16.0400,2
depth1.25,2024,13,naive,3,10.5133,1.4967,17.4600,3
depth1.25,2024,13,repo,3,5.2800,1.0592,17.4600,3
depth1.25,2024,14,naive,3,9.5311,4.9353,16.5667,3
depth1.25,2024,14,repo,3,8.4467,5.6139,16.5667,3
depth1.25,2024,15,naive,3,9.0956,5.0524,26.8267,3
depth1.25,2024,15,repo,3,4.3267,1.3471,26.8267,3
depth1.25,2024,16,naive,3,17.9967,9.9822,26.6800,2
depth1.25,2024,16,repo,3,7.9833,-0.1687,26.6800,2
depth1.25,2024,17,naive,3,10.8000,4.9163,23.6000,1
depth1.25,2024,17,repo,3,10.3667,6.3815,23.6000,1
depth1.25,2025,2,naive,3,15.6311,6.4900,23.7600,3
depth1.25,2025,2,repo,3,13.9156,8.9788,23.7600,3
depth1.25,2025,3,naive,3,6.8222,1.8235,21.2400,3
depth1.25,2025,3,repo,3,4.6556,1.1110,21.2400,2
depth1.25,2025,4,naive,3,15.7278,7.7429,22.5333,2
depth1.25,2025,4,repo,3,5.3000,2.7165,22.5333,3
depth1.25,2025,5,naive,3,4.8422,-0.1107,23.8133,3
depth1.25,2025,5,repo,3,9.3311,5.6522,23.8133,2
depth1.25,2025,6,naive,3,15.0822,6.9163,27.0000,3
depth1.25,2025,6,repo,3,10.5078,1.7900,27.0000,2
depth1.25,2025,7,naive,3,14.4489,9.4532,27.5100,3
depth1.25,2025,7,repo,3,4.5444,2.7237,27.5100,2
depth1.25,2025,8,naive,3,7.4000,5.1172,18.3333,3
depth1.25,2025,8,repo,3,5.1222,3.0468,18.3333,2
depth1.25,2025,9,naive,3,13.6578,5.1367,20.6333,3
depth1.25,2025,9,repo,3,8.6500,6.7465,20.6333,2
depth1.25,2025,10,naive,3,9.2222,5.6561,19.3400,3
depth1.25,2025,10,repo,3,12.6333,9.0672,19.3400,2
depth1.25,2025,11,naive,3,14.5300,8.1958,19.1200,2
depth1.25,2025,11,repo,3,7.1167,4.7734,19.1200,2
depth1.25,2025,12,naive,3,7.2844,2.7608,18.9000,2
depth1.25,2025,12,repo,3,8.8689,5.6619,18.9000,3
depth1.25,2025,13,naive,3,1.9867,-5.3705,28.5500,3
depth1.25,2025,13,repo,3,11.2911,6.7123,28.5500,3
depth1.25,2025,14,naive,3,15.1200,9.0124,19.0400,3
depth1.25,2025,14,repo,3,7.8356,5.0943,19.0400,3
depth1.25,2025,15,naive,3,12.9911,6.6297,24.3333,3
depth1.25,2025,15,repo,3,5.4667,1.6707,24.3333,3
depth1.25,2025,16,naive,3,16.9967,8.4225,21.8400,2
depth1.25,2025,16,repo,3,2.3000,0.3614,21.8400,2
depth1.25,2025,17,naive,3,7.0467,1.8701,22.6000,1
depth1.25,2025,17,repo,3,3.4800,0.2058,22.6000,1
