season,position,variant,target,r2,n_train,n_test
2014,RB,base,fwd3_rank,0.194634,486,510
2014,RB,base,fwd3,0.124151,486,510
2014,RB,dc,fwd3_rank,0.200659,486,510
2014,RB,dc,fwd3,0.115832,486,510
2014,WR,base,fwd3_rank,0.327042,793,838
2014,WR,base,fwd3,0.207760,793,838
2014,WR,dc,fwd3_rank,0.316488,793,838
2014,WR,dc,fwd3,0.197367,793,838
2014,TE,base,fwd3_rank,0.302271,556,587
2014,TE,base,fwd3,0.193812,556,587
2014,TE,dc,fwd3_rank,0.277873,556,587
2014,TE,dc,fwd3,0.119709,556,587
2014,QB,base,fwd3_rank,0.360897,197,207
2014,QB,base,fwd3,0.235364,197,207
2014,QB,dc,fwd3_rank,0.371541,197,207
2014,QB,dc,fwd3,0.263829,197,207
2015,RB,base,fwd3_rank,0.258865,996,526
2015,RB,base,fwd3,0.194483,996,526
2015,RB,dc,fwd3_rank,0.249764,996,526
2015,RB,dc,fwd3,0.214819,996,526
2015,WR,base,fwd3_rank,0.319337,1631,834
2015,WR,base,fwd3,0.277284,1631,834
2015,WR,dc,fwd3_rank,0.323953,1631,834
2015,WR,dc,fwd3,0.285146,1631,834
2015,TE,base,fwd3_rank,0.312528,1143,592
2015,TE,base,fwd3,0.273691,1143,592
2015,TE,dc,fwd3_rank,0.307339,1143,592
2015,TE,dc,fwd3,0.277925,1143,592
2015,QB,base,fwd3_rank,0.320517,404,206
2015,QB,base,fwd3,0.208076,404,206
2015,QB,dc,fwd3_rank,0.335727,404,206
2015,QB,dc,fwd3,0.218640,404,206
2016,RB,base,fwd3_rank,0.285497,1522,473
2016,RB,base,fwd3,0.256839,1522,473
2016,RB,dc,fwd3_rank,0.301950,1522,473
2016,RB,dc,fwd3,0.260659,1522,473
2016,WR,base,fwd3_rank,0.334631,2465,903
2016,WR,base,fwd3,0.254045,2465,903
2016,WR,dc,fwd3_rank,0.342125,2465,903
2016,WR,dc,fwd3,0.262482,2465,903
2016,TE,base,fwd3_rank,0.341493,1735,585
2016,TE,base,fwd3,0.284820,1735,585
2016,TE,dc,fwd3_rank,0.347455,1735,585
2016,TE,dc,fwd3,0.280906,1735,585
2016,QB,base,fwd3_rank,0.416327,610,210
2016,QB,base,fwd3,0.356745,610,210
2016,QB,dc,fwd3_rank,0.436279,610,210
2016,QB,dc,fwd3,0.373053,610,210
2017,RB,base,fwd3_rank,0.306299,1995,489
2017,RB,base,fwd3,0.291376,1995,489
2017,RB,dc,fwd3_rank,0.320074,1995,489
2017,RB,dc,fwd3,0.290110,1995,489
2017,WR,base,fwd3_rank,0.276828,3368,889
2017,WR,base,fwd3,0.166750,3368,889
2017,WR,dc,fwd3_rank,0.277624,3368,889
2017,WR,dc,fwd3,0.174801,3368,889
2017,TE,base,fwd3_rank,0.296721,2320,631
2017,TE,base,fwd3,0.229387,2320,631
2017,TE,dc,fwd3_rank,0.295879,2320,631
2017,TE,dc,fwd3,0.232109,2320,631
2017,QB,base,fwd3_rank,0.414705,820,212
2017,QB,base,fwd3,0.257231,820,212
2017,QB,dc,fwd3_rank,0.403980,820,212
2017,QB,dc,fwd3,0.256107,820,212
2018,RB,base,fwd3_rank,0.361629,2484,443
2018,RB,base,fwd3,0.290966,2484,443
2018,RB,dc,fwd3_rank,0.343271,2484,443
2018,RB,dc,fwd3,0.292038,2484,443
2018,WR,base,fwd3_rank,0.327848,4257,866
2018,WR,base,fwd3,0.272299,4257,866
2018,WR,dc,fwd3_rank,0.328024,4257,866
2018,WR,dc,fwd3,0.274391,4257,866
2018,TE,base,fwd3_rank,0.174213,2951,609
2018,TE,base,fwd3,0.179519,2951,609
2018,TE,dc,fwd3_rank,0.176839,2951,609
2018,TE,dc,fwd3,0.176882,2951,609
2018,QB,base,fwd3_rank,0.379660,1032,217
2018,QB,base,fwd3,0.386128,1032,217
2018,QB,dc,fwd3_rank,0.374989,1032,217
2018,QB,dc,fwd3,0.381191,1032,217
2019,RB,base,fwd3_rank,0.354153,2927,457
2019,RB,base,fwd3,0.243804,2927,457
2019,RB,dc,fwd3_rank,0.363536,2927,457
2019,RB,dc,fwd3,0.245783,2927,457
2019,WR,base,fwd3_rank,0.258326,5123,870
2019,WR,base,fwd3,0.243521,5123,870
2019,WR,dc,fwd3_rank,0.259111,5123,870
2019,WR,dc,fwd3,0.245519,5123,870
2019,TE,base,fwd3_rank,0.246703,3560,592
2019,TE,base,fwd3,0.250558,3560,592
2019,TE,dc,fwd3_rank,0.246232,3560,592
2019,TE,dc,fwd3,0.253945,3560,592
2019,QB,base,fwd3_rank,0.455701,1249,193
2019,QB,base,fwd3,0.334853,1249,193
2019,QB,dc,fwd3_rank,0.477919,1249,193
2019,QB,dc,fwd3,0.364368,1249,193
2020,RB,base,fwd3_rank,0.248985,3384,457
2020,RB,base,fwd3,0.161361,3384,457
2020,RB,dc,fwd3_rank,0.260997,3384,457
2020,RB,dc,fwd3,0.199197,3384,457
2020,WR,base,fwd3_rank,0.325704,5993,898
2020,WR,base,fwd3,0.260611,5993,898
2020,WR,dc,fwd3_rank,0.332438,5993,898
2020,WR,dc,fwd3,0.261999,5993,898
2020,TE,base,fwd3_rank,0.341272,4152,606
2020,TE,base,fwd3,0.264210,4152,606
2020,TE,dc,fwd3_rank,0.343614,4152,606
2020,TE,dc,fwd3,0.264507,4152,606
2020,QB,base,fwd3_rank,0.352391,1442,221
2020,QB,base,fwd3,0.411094,1442,221
2020,QB,dc,fwd3_rank,0.341997,1442,221
2020,QB,dc,fwd3,0.401091,1442,221
2021,RB,base,fwd3_rank,0.239126,3841,434
2021,RB,base,fwd3,0.189891,3841,434
2021,RB,dc,fwd3_rank,0.265575,3841,434
2021,RB,dc,fwd3,0.207923,3841,434
2021,WR,base,fwd3_rank,0.345242,6891,921
2021,WR,base,fwd3,0.260822,6891,921
2021,WR,dc,fwd3_rank,0.349232,6891,921
2021,WR,dc,fwd3,0.271670,6891,921
2021,TE,base,fwd3_rank,0.329371,4758,622
2021,TE,base,fwd3,0.300578,4758,622
2021,TE,dc,fwd3_rank,0.327661,4758,622
2021,TE,dc,fwd3,0.314314,4758,622
2021,QB,base,fwd3_rank,0.448385,1663,229
2021,QB,base,fwd3,0.384491,1663,229
2021,QB,dc,fwd3_rank,0.451982,1663,229
2021,QB,dc,fwd3,0.414628,1663,229
2022,RB,base,fwd3_rank,0.208555,4275,484
2022,RB,base,fwd3,0.267059,4275,484
2022,RB,dc,fwd3_rank,0.209760,4275,484
2022,RB,dc,fwd3,0.295646,4275,484
2022,WR,base,fwd3_rank,0.341677,7812,849
2022,WR,base,fwd3,0.338416,7812,849
2022,WR,dc,fwd3_rank,0.342538,7812,849
2022,WR,dc,fwd3,0.348812,7812,849
2022,TE,base,fwd3_rank,0.333635,5380,603
2022,TE,base,fwd3,0.318466,5380,603
2022,TE,dc,fwd3_rank,0.333746,5380,603
2022,TE,dc,fwd3,0.329153,5380,603
2022,QB,base,fwd3_rank,0.388809,1892,203
2022,QB,base,fwd3,0.236424,1892,203
2022,QB,dc,fwd3_rank,0.390487,1892,203
2022,QB,dc,fwd3,0.272568,1892,203
2023,RB,base,fwd3_rank,0.203159,4759,407
2023,RB,base,fwd3,0.203882,4759,407
2023,RB,dc,fwd3_rank,0.193111,4759,407
2023,RB,dc,fwd3,0.213693,4759,407
2023,WR,base,fwd3_rank,0.297390,8661,897
2023,WR,base,fwd3,0.225540,8661,897
2023,WR,dc,fwd3_rank,0.295039,8661,897
2023,WR,dc,fwd3,0.218382,8661,897
2023,TE,base,fwd3_rank,0.337907,5983,578
2023,TE,base,fwd3,0.410362,5983,578
2023,TE,dc,fwd3_rank,0.335144,5983,578
2023,TE,dc,fwd3,0.392214,5983,578
2023,QB,base,fwd3_rank,0.428443,2095,219
2023,QB,base,fwd3,0.320013,2095,219
2023,QB,dc,fwd3_rank,0.407913,2095,219
2023,QB,dc,fwd3,0.326941,2095,219
2024,RB,base,fwd3_rank,0.288488,5166,462
2024,RB,base,fwd3,0.146662,5166,462
2024,RB,dc,fwd3_rank,0.297857,5166,462
2024,RB,dc,fwd3,0.168695,5166,462
2024,WR,base,fwd3_rank,0.357849,9558,859
2024,WR,base,fwd3,0.346911,9558,859
2024,WR,dc,fwd3_rank,0.357620,9558,859
2024,WR,dc,fwd3,0.351185,9558,859
2024,TE,base,fwd3_rank,0.345661,6561,620
2024,TE,base,fwd3,0.360808,6561,620
2024,TE,dc,fwd3_rank,0.344676,6561,620
2024,TE,dc,fwd3,0.357698,6561,620
2024,QB,base,fwd3_rank,0.433166,2314,217
2024,QB,base,fwd3,0.427284,2314,217
2024,QB,dc,fwd3_rank,0.447371,2314,217
2024,QB,dc,fwd3,0.456271,2314,217
2025,RB,base,fwd3_rank,0.310119,5628,435
2025,RB,base,fwd3,0.303931,5628,435
2025,RB,dc,fwd3_rank,0.323053,5628,435
2025,RB,dc,fwd3,0.308638,5628,435
2025,WR,base,fwd3_rank,0.348196,10417,890
2025,WR,base,fwd3,0.277251,10417,890
2025,WR,dc,fwd3_rank,0.339503,10417,890
2025,WR,dc,fwd3,0.295238,10417,890
2025,TE,base,fwd3_rank,0.392336,7181,653
2025,TE,base,fwd3,0.337273,7181,653
2025,TE,dc,fwd3_rank,0.373632,7181,653
2025,TE,dc,fwd3,0.339688,7181,653
2025,QB,base,fwd3_rank,0.472055,2531,223
2025,QB,base,fwd3,0.335921,2531,223
2025,QB,dc,fwd3_rank,0.489635,2531,223
2025,QB,dc,fwd3,0.345987,2531,223
